placeUrl,title,rating,reviewCount,category,attributes,address,plusCode,website,phoneNumber,thursday,friday,saturday,sunday,monday,tuesday,wednesday,imgUrl,isClaimed,latitude,longitude,query,timestamp,info
https://www.google.com/maps/place/Elmwood+Primary+Care/data=!4m5!3m4!1s0x4cb1e46fedada231:0xf82727d787e44242!8m2!3d44.5541399!4d-69.6309473,Elmwood Primary Care,3.5,23,Doctor,,"211 Main St, Waterville, ME 04901, United States","H939+MJ Waterville, Maine, USA",mainegeneral.org,+1 207-877-3400,8am-5pm,8am-5pm,Closed,Closed,8am-5pm,8am-5pm,8am-5pm,https://streetviewpixels-pa.googleapis.com/v1/thumbnail?panoid=9P5EhpcAvhjvXlhrrcs9zg&cb_client=search.gws-prod.gps&w=408&h=240&yaw=67.63755&pitch=0&thumbfov=100,TRUE,44.5541875,-69.6309375,"https://www.google.com/maps/search/primary+care+providers+maine/@44.0212663,-69.9692732,8.41z",2022-03-03T20:53:18.051Z,
https://www.google.com/maps/place/Gorham+Primary+Care/data=!4m5!3m4!1s0x4cb29125376ba459:0xb414ebedcd0b75ed!8m2!3d43.681555!4d-70.438132,Gorham Primary Care,,,Family practice physician,,"130 Main St, Gorham, ME 04038, United States","MHJ6+JP Gorham, Maine, USA",,+1 207-839-5551,9am-4:30pm,9am-4:30pm,Closed,Closed,9am-4:30pm,9am-4:30pm,9am-12pm,https://streetviewpixels-pa.googleapis.com/v1/thumbnail?panoid=mxUKpGad44zWC-nl--UQrg&cb_client=search.gws-prod.gps&w=408&h=240&yaw=338.8433&pitch=0&thumbfov=100,TRUE,43.6815625,-70.4381875,"https://www.google.com/maps/search/primary+care+providers+maine/@44.0212663,-69.9692732,8.41z",2022-03-03T20:53:21.957Z,
https://www.google.com/maps/place/Westbrook+Family+Medicine/data=!4m5!3m4!1s0x4cb29a6923e6d67f:0x738ade60575c0830!8m2!3d43.682265!4d-70.3503516,Westbrook Family Medicine,3.2,6,Family practice physician,,"1 Harnois Ave, Westbrook, ME 04092, United States","MJJX+WV Westbrook, Maine, USA",mmc.org,+1 207-661-3400,8am-5pm,8am-5pm,Closed,Closed,8am-5pm,8am-5pm,8am-5pm,https://streetviewpixels-pa.googleapis.com/v1/thumbnail?panoid=8Qhz19dDWmuBBbHfhxVXWw&cb_client=search.gws-prod.gps&w=408&h=240&yaw=134.55348&pitch=0&thumbfov=100,FALSE,43.6823125,-70.3503125,"https://www.google.com/maps/search/primary+care+providers+maine/@44.0212663,-69.9692732,8.41z",2022-03-03T20:53:26.539Z,
https://www.google.com/maps/place/Western+Maine+Primary+Care/data=!4m5!3m4!1s0x4cb24b3da4444055:0x9d775691697183a0!8m2!3d44.212686!4d-70.5429661,Western Maine Primary Care,3,2,Family practice physician,,"8 Pikes Hill, Norway, ME 04268, United States","6F74+3R Norway, Maine, USA",mainehealth.org,+1 207-744-6444,,,,,,,,https://streetviewpixels-pa.googleapis.com/v1/thumbnail?panoid=RgaPUx-5rm3S3n8uY3_9MA&cb_client=search.gws-prod.gps&w=408&h=240&yaw=100.46551&pitch=0&thumbfov=100,TRUE,44.2126875,-70.5429375,"https://www.google.com/maps/search/primary+care+providers+maine/@44.0212663,-69.9692732,8.41z",2022-03-03T20:53:30.510Z,
https://www.google.com/maps/place/Portland+Direct+Primary+Care/data=!4m5!3m4!1s0x4cb29d6638c8f62d:0xcc4613c23e4405a8!8m2!3d43.6406714!4d-70.2547131,Portland Direct Primary Care,5,22,Doctor,,"27 Ocean St #3, South Portland, ME 04106, United States","JPRW+74 South Portland, Maine, USA",portlanddirectprimarycare.com,+1 207-200-4519,9am-5pm,9am-5pm,Closed,Closed,9am-5pm,9am-5pm,9am-5pm,https://lh5.googleusercontent.com/p/AF1QipOr6CsQ2W19S7uU2fTwB6W4mj8PUpJg5w__zIua=w428-h240-k-no,TRUE,43.6406875,-70.2546875,"https://www.google.com/maps/search/primary+care+providers+maine/@44.0212663,-69.9692732,8.41z",2022-03-03T20:53:35.679Z,LGBTQ+ friendly
https://www.google.com/maps/place/Redington+Medical+Primary+Care/data=!4m5!3m4!1s0x4cb1c1528dccaffb:0x73ef726ccb2cce7a!8m2!3d44.7588925!4d-69.7130792,Redington Medical Primary Care,2.3,3,Doctor,,"46 Fairview Ave # 111, Skowhegan, ME 04976, United States","Q75P+HQ Skowhegan, Maine, USA",rfgh.net,+1 207-474-0905,,,,,,,,https://streetviewpixels-pa.googleapis.com/v1/thumbnail?panoid=WKB_xG2w0IxCl7BhO9rquA&cb_client=search.gws-prod.gps&w=408&h=240&yaw=25.000034&pitch=0&thumbfov=100,FALSE,44.7589375,-69.7130625,"https://www.google.com/maps/search/primary+care+providers+maine/@44.0212663,-69.9692732,8.41z",2022-03-03T20:53:40.045Z,
https://www.google.com/maps/place/Northern+Light+Mercy+Primary+Care/data=!4m5!3m4!1s0x4cb29c07130ce3bb:0x752b983a737f6296!8m2!3d43.636193!4d-70.3229974,Northern Light Mercy Primary Care,3.8,12,Doctor,,"25 Long Creek Dr, South Portland, ME 04106, United States","JMPG+FR South Portland, Maine, USA",northernlighthealth.org,+1 207-535-1880,8am-5pm,8am-5pm,Closed,Closed,8am-5pm,8am-5pm,8am-5pm,https://streetviewpixels-pa.googleapis.com/v1/thumbnail?panoid=DsU8XQNPQT3_xq3aH3Oy5w&cb_client=search.gws-prod.gps&w=408&h=240&yaw=346.61096&pitch=0&thumbfov=100,TRUE,43.6361875,-70.3229375,"https://www.google.com/maps/search/primary+care+providers+maine/@44.0212663,-69.9692732,8.41z",2022-03-03T20:53:43.947Z,
https://www.google.com/maps/place/Redington+Medical+Primary+Care/data=!4m5!3m4!1s0x4cb1c03106e808cd:0xbe8a6fcf00b3ff86!8m2!3d44.7102261!4d-69.8039414,Redington Medical Primary Care,5,1,Doctor,,"8 Colonial Ln, Norridgewock, ME 04957, United States","P56W+3C Norridgewock, Maine, USA",rfgh.net,+1 207-634-4366,,,,,,,,https://streetviewpixels-pa.googleapis.com/v1/thumbnail?panoid=TVGF8fvBJgbM4Chb-1AuRA&cb_client=search.gws-prod.gps&w=408&h=240&yaw=231.00279&pitch=0&thumbfov=100,FALSE,44.7101875,-69.8039375,"https://www.google.com/maps/search/primary+care+providers+maine/@44.0212663,-69.9692732,8.41z",2022-03-03T20:53:47.821Z,
"https://www.google.com/maps/place/Lincoln+Medical+Partners+Primary+Care+Damariscotta+The+Herbert+%26+Roberta+Watson+Health+Center/@44.025354,-69.5330846,17z/data=!3m1!4b1!4m5!3m4!1s0x4cad94dadd690edf:0x9eaefad57782aa1c!8m2!3d44.025354!4d-69.5308959",Lincoln Medical Partners Primary Care Damariscotta The Herbert & Roberta Watson Health Center,3.8,5,Doctor,,"24 Miles Center Way, Damariscotta, ME 04543, United States","2FG9+4J Damariscotta, Maine, USA",,+1 207-563-4780,,,,,,,,,TRUE,44.0253125,-69.5309375,"https://www.google.com/maps/search/primary+care+providers+maine/@44.0212663,-69.9692732,8.41z",2022-03-03T20:53:53.727Z,
https://www.google.com/maps/place/Augusta+Family+Medicine/data=!4m5!3m4!1s0x4cb202441802e6a3:0x31c86a5dfb011909!8m2!3d44.3653026!4d-69.7959832,Augusta Family Medicine,3.2,20,Medical clinic,,"15 Enterprise Drive, Augusta, ME 04330, United States","9683+4J Augusta, Maine, USA",mainegeneral.org,+1 207-621-8800,8am-4:30pm,8am-4:30pm,Closed,Closed,8am-4:30pm,8am-4:30pm,8am-4:30pm,https://streetviewpixels-pa.googleapis.com/v1/thumbnail?panoid=PMTNXNeUWTnnvHTOlqrbYQ&cb_client=search.gws-prod.gps&w=408&h=240&yaw=124.63612&pitch=0&thumbfov=100,TRUE,44.3653125,-69.7959375,"https://www.google.com/maps/search/primary+care+providers+maine/@44.0212663,-69.9692732,8.41z",2022-03-03T20:53:57.737Z,
https://www.google.com/maps/place/Somerset+Primary+Care/data=!4m5!3m4!1s0x4cb1c6b3267a0d7b:0x2f0462b838ecaa7f!8m2!3d44.7586721!4d-69.7166241,Somerset Primary Care,3.9,15,Doctor,,"62 Main St, Skowhegan, ME 04976, United States","Q75M+F9 Skowhegan, Maine, USA",rfgh.net,+1 207-858-4844,,,,,,,,https://streetviewpixels-pa.googleapis.com/v1/thumbnail?panoid=yEqFVh9OA0Ptl593Ci_Xhg&cb_client=search.gws-prod.gps&w=408&h=240&yaw=102.60209&pitch=0&thumbfov=100,FALSE,44.7586875,-69.7165625,"https://www.google.com/maps/search/primary+care+providers+maine/@44.0212663,-69.9692732,8.41z",2022-03-03T20:54:01.235Z,
https://www.google.com/maps/place/Mercy+Primary+Care+Center:+Cvitkovich+Donald+MD/data=!4m5!3m4!1s0x4cb29c17338a7ffd:0x8ca10348d8d3a1b7!8m2!3d43.6515198!4d-70.2649108,Mercy Primary Care Center: Cvitkovich Donald MD,,,Doctor,,"144 State St # 5, Portland, ME 04101, United States","MP2P+J2 Portland, Maine, USA",,+1 207-879-3481,,,,,,,,https://streetviewpixels-pa.googleapis.com/v1/thumbnail?panoid=TRLr9a58zP_xVEvU8ohfpg&cb_client=search.gws-prod.gps&w=408&h=240&yaw=351.3213&pitch=0&thumbfov=100,FALSE,43.6515625,-70.2649375,"https://www.google.com/maps/search/primary+care+providers+maine/@44.0212663,-69.9692732,8.41z",2022-03-03T20:54:05.049Z,
https://www.google.com/maps/place/Southern+Maine+Health+Care+Family+Medicine+-+Sanford/data=!4m5!3m4!1s0x4cb2c9e7d82c85b3:0x41c99748e013ad06!8m2!3d43.4478443!4d-70.7667392,Southern Maine Health Care Family Medicine - Sanford,2,3,Family practice physician,,"25A June St Suite 111, Sanford, ME 04073, United States","C6XM+48 Sanford, Maine, USA",mainehealth.org,+1 207-490-7998,8am-5pm,8am-5pm,Closed,Closed,8am-5pm,8am-5pm,8am-5pm,https://streetviewpixels-pa.googleapis.com/v1/thumbnail?panoid=8bYpcR82N71b0G-9zKUYvw&cb_client=search.gws-prod.gps&w=408&h=240&yaw=271.15417&pitch=0&thumbfov=100,TRUE,43.4478125,-70.7666875,"https://www.google.com/maps/search/primary+care+providers+maine/@44.0212663,-69.9692732,8.41z",2022-03-03T20:54:08.915Z,
https://www.google.com/maps/place/Central+Maine+Family+Practice/data=!4m5!3m4!1s0x4cb26bc72da9c51b:0x27fff99bcd509005!8m2!3d44.102161!4d-70.21447,Central Maine Family Practice,2,10,Family practice physician,,"12 High St Suite 302, Lewiston, ME 04240, United States","4Q2P+V6 Lewiston, Maine, USA",cmhc.org,+1 207-795-5750,8am-5pm,8am-5pm,Closed,Closed,8am-5pm,8am-5pm,8am-5pm,https://lh5.googleusercontent.com/p/AF1QipOn-7NurJr4IJPReiqVuXE-coWLLtgMxt_pIoW8=w408-h272-k-no,TRUE,44.1021875,-70.2144375,"https://www.google.com/maps/search/primary+care+providers+maine/@44.0212663,-69.9692732,8.41z",2022-03-03T20:54:12.971Z,
https://www.google.com/maps/place/Northern+Light+Primary+Care/data=!4m5!3m4!1s0x4cafb3f8b232cb89:0x50ea03cb5090d824!8m2!3d44.8732515!4d-68.6983416,Northern Light Primary Care,2.8,23,Doctor,,"84 Kelley Rd, Orono, ME 04473, United States","V8F2+8M Orono, Maine, USA",northernlighthealth.org,+1 207-866-4399,8am-5pm,8am-5pm,Closed,Closed,8am-5pm,8am-5pm,8am-5pm,https://streetviewpixels-pa.googleapis.com/v1/thumbnail?panoid=bPiT3vJy0rzrsFI5OiefAg&cb_client=search.gws-prod.gps&w=408&h=240&yaw=31.123749&pitch=0&thumbfov=100,FALSE,44.8733125,-68.6983125,"https://www.google.com/maps/search/primary+care+providers+maine/@44.0212663,-69.9692732,8.41z",2022-03-03T20:54:17.089Z,
https://www.google.com/maps/place/Gardiner+Family+Medicine/data=!4m5!3m4!1s0x4cb2081b13bf7b7b:0x29e07fac8a3982a2!8m2!3d44.183674!4d-69.826358,Gardiner Family Medicine,2.7,42,Family practice physician,,"5 Central Maine Crossing, Gardiner, ME 04345, United States","55MF+FF Gardiner, Maine, USA",mainegeneral.org,+1 207-582-6608,8am-4:30pm,8am-4:30pm,Closed,Closed,8am-4:30pm,8am-4:30pm,8am-4:30pm,https://lh5.googleusercontent.com/p/AF1QipPbc5tzQckwwejrpxOGs5jpSoBJUgh6DSnuBRNC=w408-h306-k-no,TRUE,44.18375,-69.82625,"https://www.google.com/maps/search/primary+care+providers+maine/@44.0212663,-69.9692732,8.41z",2022-03-03T20:54:21.666Z,
https://www.google.com/maps/place/Maine+Medical+Partners+Lakes+Region+Primary+Care/data=!4m5!3m4!1s0x4cb28c794b084fdf:0x2ff0738df6e89bc9!8m2!3d43.8167461!4d-70.4317378,Maine Medical Partners Lakes Region Primary Care,2.1,36,Medical group,,"582 Roosevelt Trail, Windham, ME 04062, United States","RH89+M8 Windham, Maine, USA",mainehealth.org,+1 207-892-3233,8am-5pm,8am-5pm,9am-12pm,Closed,8am-5pm,8am-7pm,8am-7pm,https://lh5.googleusercontent.com/p/AF1QipMrECJKAk1_q2V6wRBG4_lIXv5mlWkKER959dM=w426-h240-k-no,TRUE,43.8166875,-70.4316875,"https://www.google.com/maps/search/primary+care+providers+maine/@44.0212663,-69.9692732,8.41z",2022-03-03T20:54:25.650Z,
https://www.google.com/maps/place/Maine+Medical+Partners+-+Westbrook+Family+Medicine/data=!4m5!3m4!1s0x4cb29a68d934b5ed:0x34e6ef550db641bb!8m2!3d43.682265!4d-70.3503516,Maine Medical Partners - Westbrook Family Medicine,3,2,Medical group,,"1 Harnois Ave #2a, Westbrook, ME 04092, United States","MJJX+WV Westbrook, Maine, USA",mainehealth.org,+1 207-661-3400,7:30am-5pm,7:30am-5pm,Closed,Closed,7:30am-7pm,7:30am-5pm,7:30am-7pm,https://lh5.googleusercontent.com/p/AF1QipPCHLLmbLq7IhtIR09_idRXLDSSsSZvHBtC7OfQ=w408-h272-k-no,TRUE,43.6823125,-70.3503125,"https://www.google.com/maps/search/primary+care+providers+maine/@44.0212663,-69.9692732,8.41z",2022-03-03T20:54:29.701Z,
https://www.google.com/maps/place/Primary+Health/data=!4m5!3m4!1s0x4caef1dc57315f39:0xef08c07a8b775f26!8m2!3d44.5312608!4d-68.4026842,Primary Health,3.6,18,Medical clinic,,"34 Downeast Hwy, Ellsworth, ME 04605, United States","GHJW+GW Ellsworth, Maine, USA",primaryhealthmaine.com,+1 207-667-2288,8am-4:30pm,8am-4:30pm,Closed,Closed,8am-4:30pm,8am-4:30pm,8am-4:30pm,https://streetviewpixels-pa.googleapis.com/v1/thumbnail?panoid=OMnmxlOxFOsVzX1M39FfHw&cb_client=search.gws-prod.gps&w=408&h=240&yaw=335.0443&pitch=0&thumbfov=100,FALSE,44.5313125,-68.4026875,"https://www.google.com/maps/search/primary+care+providers+maine/@44.0212663,-69.9692732,8.41z",2022-03-03T20:54:33.677Z,
https://www.google.com/maps/place/Brunswick+Primary+Care/data=!4m5!3m4!1s0x4cad8736c023cdeb:0x2ac003c6ae845512!8m2!3d43.8953866!4d-69.9681006,Brunswick Primary Care,,,Medical clinic,,"329 Maine St, Brunswick, ME 04011, United States","V2WJ+5Q Brunswick, Maine, USA",cmmc.org,+1 207-729-6162,,,,,,,,https://streetviewpixels-pa.googleapis.com/v1/thumbnail?panoid=5pF-7Ok1OGClGOYnvdRTQA&cb_client=search.gws-prod.gps&w=408&h=240&yaw=7.137129&pitch=0&thumbfov=100,FALSE,43.8954375,-69.9680625,"https://www.google.com/maps/search/primary+care+providers+maine/@44.0212663,-69.9692732,8.41z",2022-03-03T20:54:37.608Z,
https://www.google.com/maps/place/Mid+Coast+Primary+Care+Center/data=!4m5!3m4!1s0x4cad876b785d03c1:0x67f642f417388f8f!8m2!3d43.9112698!4d-69.9656657,Mid Coast Primary Care Center,1.8,4,Doctor,,"22 Station Ave, Brunswick, ME 04011, United States","W26M+GP Brunswick, Maine, USA",midcoasthealth.com,+1 207-406-7500,8am-5pm,8am-5pm,Closed,Closed,8am-5pm,8am-5pm,8am-5pm,https://streetviewpixels-pa.googleapis.com/v1/thumbnail?panoid=Uv9W7ElUjh6P0SwhyaNfNg&cb_client=search.gws-prod.gps&w=408&h=240&yaw=51.426495&pitch=0&thumbfov=100,FALSE,43.9113125,-69.9656875,"https://www.google.com/maps/search/primary+care+providers+maine/@44.0212663,-69.9692732,8.41z",2022-03-03T20:54:44.708Z,
https://www.google.com/maps/place/Mid+Coast+Medical+Group%E2%80%93Family+Practice+at+Parkview/data=!4m5!3m4!1s0x4cad8736efa88cb1:0xcaffe62d0cab2b04!8m2!3d43.8951831!4d-69.9680787,Mid Coast Medical Group-Family Practice at Parkview,3.1,16,Medical office,,"329 Maine St suite a200, Brunswick, ME 04011, United States","V2WJ+3Q Brunswick, Maine, USA",midcoasthealth.com,+1 207-373-4700,8am-5pm,8am-5pm,Closed,Closed,8am-5pm,8am-5pm,8am-5pm,https://lh5.googleusercontent.com/p/AF1QipMiP6Zl2aZHcFQnByodSxDbgGOfzgWIu83GPfOf=w408-h310-k-no,TRUE,43.8951875,-69.9680625,"https://www.google.com/maps/search/primary+care+providers+maine/@44.0212663,-69.9692732,8.41z",2022-03-03T20:54:48.921Z,
https://www.google.com/maps/place/Winthrop+Family+Medicine/data=!4m5!3m4!1s0x4cb21b1d19a08ead:0xefe4c4449247cffd!8m2!3d44.3070956!4d-69.9711319,Winthrop Family Medicine,2.8,14,Family practice physician,,"149 Main St, Winthrop, ME 04364, United States","824H+RG Winthrop, Maine, USA",mainegeneral.org,+1 207-377-2111,7am-4:30pm,7am-4:30pm,Closed,Closed,7am-4:30pm,7am-4:30pm,7am-4:30pm,https://streetviewpixels-pa.googleapis.com/v1/thumbnail?panoid=g8zs-qvLtmIt9rlBvJcpGA&cb_client=search.gws-prod.gps&w=408&h=240&yaw=30.548565&pitch=0&thumbfov=100,TRUE,44.3070625,-69.9711875,"https://www.google.com/maps/search/primary+care+providers+maine/@44.0212663,-69.9692732,8.41z",2022-03-03T20:54:53.394Z,
https://www.google.com/maps/place/St.+Joseph+Family+Medicine+-+Hampden/data=!4m5!3m4!1s0x4cae496379b582f5:0xeb8e7df68cab0b9!8m2!3d44.7442825!4d-68.8396667,St. Joseph Family Medicine - Hampden,5,3,Family practice physician,,"21 Western Ave, Hampden, ME 04444, United States","P5V6+P4 Hampden, Maine, USA",stjoeshealing.org,+1 207-544-4266,8am-5pm,8am-5pm,Closed,Closed,8am-5pm,8am-5pm,8am-5pm,https://streetviewpixels-pa.googleapis.com/v1/thumbnail?panoid=kkubjijlJRvBz1VtOsNxvw&cb_client=search.gws-prod.gps&w=408&h=240&yaw=194.7444&pitch=0&thumbfov=100,TRUE,44.7443125,-68.8396875,"https://www.google.com/maps/search/primary+care+providers+maine/@44.0212663,-69.9692732,8.41z",2022-03-03T20:54:57.360Z,
https://www.google.com/maps/place/Topsham+Family+Medicine/data=!4m5!3m4!1s0x4cb27877fbd09bb5:0x497c78cec89715f6!8m2!3d43.9369025!4d-69.9704333,Topsham Family Medicine,2.3,42,Family practice physician,,"4 Horton Pl # 101, Topsham, ME 04086, United States","W2PH+QR Topsham, Maine, USA",cmhc.org,+1 207-798-6200,7:20am-5pm,8am-5pm,9am-1pm,Closed,7am-5pm,7am-5pm,7:20am-5pm,https://lh5.googleusercontent.com/p/AF1QipMJ6ZfN8qlkiC5kpO2dn17FyBDhfu0M0SjLC1Or=w408-h272-k-no,TRUE,43.9369375,-69.9704375,"https://www.google.com/maps/search/primary+care+providers+maine/@44.0212663,-69.9692732,8.41z",2022-03-03T20:55:01.441Z,
https://www.google.com/maps/place/Northern+Light+Primary+Care/data=!4m5!3m4!1s0x4cae220a5db7790d:0x2600551d62cd7222!8m2!3d44.6105582!4d-69.3353951,Northern Light Primary Care,4.8,5,Family practice physician,,"80 Main St, Unity, ME 04988, United States","JM67+6R Unity, Maine, USA",northernlighthealth.org,+1 207-948-2100,7am-5pm,7am-2pm,Closed,Closed,9am-5pm,7am-5pm,7am-5pm,https://lh5.googleusercontent.com/p/AF1QipORDGGikbJJxQ_Srd-p88VxvNSdtPu6VJYNfP_R=w408-h339-k-no,FALSE,44.6105625,-69.3354375,"https://www.google.com/maps/search/primary+care+providers+maine/@44.0212663,-69.9692732,8.41z",2022-03-03T20:55:06.240Z,
https://www.google.com/maps/place/Waterville+Family+Practice/data=!4m5!3m4!1s0x4cb1e37fc78c2b83:0x8ff469a38497475d!8m2!3d44.5494483!4d-69.6283323,Waterville Family Practice,3.9,11,Medical clinic,,"31 Front St, Waterville, ME 04901, United States","G9XC+QM Waterville, Maine, USA",watervillefp.com,+1 207-873-1181,7am-5pm,7am-5pm,Closed,Closed,7am-5pm,7am-5pm,7am-5pm,https://streetviewpixels-pa.googleapis.com/v1/thumbnail?panoid=GRh7nuhqhIhGrEcnQSfF-Q&cb_client=search.gws-prod.gps&w=408&h=240&yaw=97.58336&pitch=0&thumbfov=100,TRUE,44.5494375,-69.6283125,"https://www.google.com/maps/search/primary+care+providers+maine/@44.0212663,-69.9692732,8.41z",2022-03-03T20:55:10.207Z,
https://www.google.com/maps/place/Fulcrum+Family+Health+DPC/data=!4m5!3m4!1s0x4cb27feef0ef203b:0xb10028dcef38cbfd!8m2!3d43.8623155!4d-70.1042461,Fulcrum Family Health DPC,5,5,Family practice physician,,"42 Mallett Dr Suite 3, Freeport, ME 04032, United States","VV6W+W8 Freeport, Maine, USA",fulcrumfamilyhealth.com,+1 207-386-4895,9am-5pm,9am-3pm,Closed,Closed,9am-5pm,9am-5pm,9am-5pm,https://lh5.googleusercontent.com/p/AF1QipNUfi2D0cAX-3Sfm-kicO0D9z2ODqsGQHHwmfK6=w408-h544-k-no,TRUE,43.8623125,-70.1041875,"https://www.google.com/maps/search/primary+care+providers+maine/@44.0212663,-69.9692732,8.41z",2022-03-03T20:55:14.116Z,
https://www.google.com/maps/place/South+Berwick+Family+Practice/data=!4m5!3m4!1s0x89e2a29e87eb24a3:0x28e22d937d5aab2f!8m2!3d43.2362213!4d-70.8088828,South Berwick Family Practice,2.6,18,Family practice physician,,"31 Colcord St, South Berwick, ME 03908, United States","65PR+FC South Berwick, Maine, USA",wdhospital.org,+1 207-384-4949,8am-4:30pm,6:45am-4pm,Closed,Closed,7am-4:30pm,8am-4:30pm,7am-6pm,https://lh5.googleusercontent.com/p/AF1QipMv2VJEgCZ5EO0VkzqLtM1nf1lw5k9EUAiYG3Ff=w408-h278-k-no,TRUE,43.2361875,-70.8089375,"https://www.google.com/maps/search/primary+care+providers+maine/@44.0212663,-69.9692732,8.41z",2022-03-03T20:55:18.111Z,
https://www.google.com/maps/place/Lotus+Family+Practice/data=!4m5!3m4!1s0x4cb26bc7175b22a7:0x5d62ec197ae5d1c0!8m2!3d43.735465!4d-70.2988939,Lotus Family Practice,4.6,20,Family practice physician,,"66 Leighton Rd, Falmouth, ME 04105, United States","PPP2+5C Falmouth, Maine, USA",lotusfamilypractice.com,+1 207-536-0560,8am-5pm,Closed,Closed,Closed,8am-5pm,8am-5pm,8am-5pm,https://lh5.googleusercontent.com/p/AF1QipMMm3NnK36r_Ilzy6V2N1KTRg3C6ocj_pZoWn9L=w408-h271-k-no,TRUE,43.7354375,-70.2989375,"https://www.google.com/maps/search/primary+care+providers+maine/@44.0212663,-69.9692732,8.41z",2022-03-03T20:55:22.560Z,
https://www.google.com/maps/place/Max+Health+Maine+LLC/data=!4m5!3m4!1s0x4cb29e2cd4fe30df:0x82c3c87c32fc0f23!8m2!3d43.5964085!4d-70.2262544,Max Health Maine LLC,,,Family practice physician,,"1226 Shore Rd, Cape Elizabeth, ME 04107, United States","HQWF+HF Cape Elizabeth, Maine, USA",maxhealthme.org,+1 207-699-0901,,,,,,,,https://streetviewpixels-pa.googleapis.com/v1/thumbnail?panoid=jbRhWl6s9Kk85bUK57Y1fQ&cb_client=search.gws-prod.gps&w=408&h=240&yaw=162.74834&pitch=0&thumbfov=100,FALSE,43.5964375,-70.2263125,"https://www.google.com/maps/search/primary+care+providers+maine/@44.0212663,-69.9692732,8.41z",2022-03-03T20:55:26.864Z,
https://www.google.com/maps/place/Oakland+Family+Medicine/data=!4m5!3m4!1s0x4cb1e51566e73dc1:0x71f0753cd3077d9b!8m2!3d44.5484827!4d-69.7134097,Oakland Family Medicine,3.2,13,Medical clinic,,"9 Pleasant St, Oakland, ME 04963, United States","G7XP+9J Oakland, Maine, USA",mainegeneral.org,+1 207-465-4000,7:30am-5pm,7:30am-5pm,Closed,Closed,7:30am-5pm,7:30am-5pm,7:30am-5pm,https://streetviewpixels-pa.googleapis.com/v1/thumbnail?panoid=uaMhEnShX5MrjT5BzouANg&cb_client=search.gws-prod.gps&w=408&h=240&yaw=55.302624&pitch=0&thumbfov=100,TRUE,44.5484375,-69.7134375,"https://www.google.com/maps/search/primary+care+providers+maine/@44.0212663,-69.9692732,8.41z",2022-03-03T20:55:31.162Z,
https://www.google.com/maps/place/Southern+Maine+Health+Care+Family+Medicine+-+Internal+Medicine+%E2%80%93+Primary+Care+Kennebunk/data=!4m5!3m4!1s0x4cb2add7391540b3:0xb6f41cbf1e166c36!8m2!3d43.3937652!4d-70.5278156,Southern Maine Health Care Family Medicine - Internal Medicine - Primary Care Kennebunk,3.7,6,Internist,,"North Tower, 2 Livewell Dr, Kennebunk, ME 04043, United States","9FVC+GV Kennebunk, Maine, USA",mainehealth.org,+1 207-467-8988,8am-5pm,8am-5pm,Closed,Closed,8am-5pm,8am-5pm,8am-5pm,https://streetviewpixels-pa.googleapis.com/v1/thumbnail?panoid=nAXsWytNj-FDyzQERl9MHA&cb_client=search.gws-prod.gps&w=408&h=240&yaw=277.37396&pitch=0&thumbfov=100,TRUE,43.3938125,-70.5278125,"https://www.google.com/maps/search/primary+care+providers+maine/@44.0212663,-69.9692732,8.41z",2022-03-03T20:55:34.873Z,
"https://www.google.com/maps/place/Northern+Light+Primary+Care/@44.824988,-68.7879326,17z/data=!3m1!4b1!4m5!3m4!1s0x4cafb5b2ea49753d:0xcbaa6e170463ca10!8m2!3d44.824988!4d-68.7857439",Northern Light Primary Care,3,6,Medical clinic,,"Northern Light Health Center, 302 Husson Ave, Bangor, ME 04401, United States","R6F7+XP Bangor, Maine, USA",northernlighthealth.org,+1 207-947-6141,8am-5pm,8am-5pm,Closed,Closed,8am-5pm,8am-5pm,8am-5pm,,TRUE,44.8249375,-68.7856875,"https://www.google.com/maps/search/primary+care+providers+maine/@44.0212663,-69.9692732,8.41z",2022-03-03T20:55:40.435Z,
https://www.google.com/maps/place/St.+Joseph+Family+Medicine+-+Broadway/data=!4m5!3m4!1s0x4cafb593c7839341:0xfba416b0513cade7!8m2!3d44.8299968!4d-68.786421,St. Joseph Family Medicine - Broadway,4.8,4,Family practice physician,,"900 Broadway building 3, Bangor, ME 04401, United States","R6H7+XC Bangor, Maine, USA",stjoeshealing.org,+1 207-835-3308,8am-4:30pm,8am-4:30pm,Closed,Closed,8am-4:30pm,8am-4:30pm,8am-4:30pm,https://streetviewpixels-pa.googleapis.com/v1/thumbnail?panoid=_TVy0MoRDRyvaeEr4Gw41g&cb_client=search.gws-prod.gps&w=408&h=240&yaw=76.41176&pitch=0&thumbfov=100,TRUE,44.8299375,-68.7864375,"https://www.google.com/maps/search/primary+care+providers+maine/@44.0212663,-69.9692732,8.41z",2022-03-03T20:55:44.949Z,
"https://www.google.com/maps/place/Southern+Maine+Health+Care+Family+Medicine+-+Saco/@43.5181805,-70.4511936,17z/data=!3m1!4b1!4m5!3m4!1s0x4cb2a49b4421cad9:0x2393e6da60bacdbf!8m2!3d43.5181805!4d-70.4490049",Southern Maine Health Care Family Medicine - Saco,2.4,20,Family practice physician,,"13 Industrial Park Rd, Saco, ME 04072, United States","GH92+79 Saco, Maine, USA",mainehealth.org,+1 207-283-8800,8am-5pm,8am-5pm,Closed,Closed,8am-5pm,8am-5pm,8am-5pm,,TRUE,43.5181875,-70.4490625,"https://www.google.com/maps/search/primary+care+providers+maine/@44.0212663,-69.9692732,8.41z",2022-03-03T20:55:51.069Z,
"https://www.google.com/maps/place/Dr.+Kevyn+L.+Comstock,+DO/data=!4m5!3m4!1s0x4cafb35e54da80bf:0xc44e4f1a3836796e!8m2!3d44.8241972!4d-68.7362196","Dr. Kevyn L. Comstock, DO",5,3,Family practice physician,,"700 Mt Hope Ave Suite 210, Bangor, ME 04401, United States","R7F7+MG Bangor, Maine, USA",stjoeshealing.org,+1 207-907-3030,8am-5pm,8am-5pm,Closed,Closed,8am-5pm,8am-5pm,8am-5pm,https://lh5.googleusercontent.com/p/AF1QipNPyPzXm8JQh0j5RSJ6WL36re6MqhvNhyDkRoGF=w426-h240-k-no,TRUE,44.8241875,-68.7361875,"https://www.google.com/maps/search/primary+care+providers+maine/@44.0212663,-69.9692732,8.41z",2022-03-03T20:55:55.356Z,
https://www.google.com/maps/place/Hello+In+There+In-Home+Primary+Care/data=!4m5!3m4!1s0x6b8233cdbd46b59f:0x52dfca11621011b4!8m2!3d28.6478898!4d180,Hello In There In-Home Primary Care,,,Medical group,,,,hellointherecares.com,+1 207-358-3310,9am-5pm,9am-5pm,Closed,Closed,9am-5pm,9am-5pm,9am-5pm,https://lh5.googleusercontent.com/p/AF1QipNhlNkkxO1Rd0zI4eNNsZhU6n8U2CxQr5KZnII=w408-h712-k-no,TRUE,,,"https://www.google.com/maps/search/primary+care+providers+maine/@44.0212663,-69.9692732,8.41z",2022-03-03T20:55:57.833Z,
https://www.google.com/maps/place/EMMC+Family+Medicine+-+Hampden/data=!4m5!3m4!1s0x4cae49666554b825:0x4e26333506792313!8m2!3d44.7408882!4d-68.8369199,EMMC Family Medicine - Hampden,3.4,25,Medical clinic,,"7 Main Rd N, Hampden, ME 04444, United States","P5R7+96 Hampden, Maine, USA",emmc.org,+1 207-862-9400,8am-5pm,8am-5pm,Closed,Closed,8am-5pm,8am-5pm,8am-5pm,https://lh5.googleusercontent.com/p/AF1QipPDGPC39aIrW8aU_2j7nzj2GTSP8H2IeN11hA5x=w408-h306-k-no,FALSE,44.7409375,-68.8369375,"https://www.google.com/maps/search/primary+care+providers+maine/@44.0212663,-69.9692732,8.41z",2022-03-03T20:56:01.821Z,
https://www.google.com/maps/place/Parkview+Family+Health/data=!4m5!3m4!1s0x4cad8736403edc15:0xbe40232ad3c4feed!8m2!3d43.8951831!4d-69.9680787,Parkview Family Health,,,Doctor,,"329 Maine St H, Brunswick, ME 04011, United States","V2WJ+3Q Brunswick, Maine, USA",midcoasthealth.com,+1 207-729-6162,,,,,,,,https://streetviewpixels-pa.googleapis.com/v1/thumbnail?panoid=5pF-7Ok1OGClGOYnvdRTQA&cb_client=search.gws-prod.gps&w=408&h=240&yaw=12.206343&pitch=0&thumbfov=100,FALSE,43.8951875,-69.9680625,"https://www.google.com/maps/search/primary+care+providers+maine/@44.0212663,-69.9692732,8.41z",2022-03-03T20:56:05.662Z,
https://www.google.com/maps/place/Franklin+Health+Primary+Care/data=!4m5!3m4!1s0x4cb19abf5bca3c8f:0x4b72658012b13107!8m2!3d44.6258023!4d-70.1639,Franklin Health Primary Care,,,Family practice physician,,"131 Franklin health commons, Farmington, ME 04938, United States","JRGP+8C Farmington, Maine, USA",mainehealth.org,+1 207-860-4090,9am-5pm,9am-5pm,Closed,Closed,9am-5pm,9am-5pm,9am-5pm,https://lh5.googleusercontent.com/p/AF1QipNf9D_k1YG1yPWZpMqZCLHAz1cmH1Sr6jcHQu9t=w408-h306-k-no,TRUE,44.6258125,-70.1639375,"https://www.google.com/maps/search/primary+care+providers+maine/@44.0212663,-69.9692732,8.41z",2022-03-03T20:56:13.709Z,
https://www.google.com/maps/place/Northern+Light+Mercy+Primary+Care/data=!4m5!3m4!1s0x4cb286c949df4e61:0x7283c989111c2a09!8m2!3d43.7951738!4d-70.188116,Northern Light Mercy Primary Care,2.9,39,Medical clinic,,"385 US-1, Yarmouth, ME 04096, United States","QRW6+3Q Yarmouth, Maine, USA",northernlighthealth.org,+1 207-535-1200,8am-5pm,8am-5pm,Closed,Closed,8am-5pm,8am-5pm,8am-5pm,https://lh5.googleusercontent.com/p/AF1QipMKmxvR6fEbJ8L2WjH_Ys-ar-2grZ6caqu7xPd7=w408-h725-k-no,TRUE,43.7951875,-70.1880625,"https://www.google.com/maps/search/primary+care+providers+maine/@44.0212663,-69.9692732,8.41z",2022-03-03T20:56:18.102Z,
https://www.google.com/maps/place/Maine+Medical+Partners+-+Scarborough+Family+Medicine/data=!4m5!3m4!1s0x405754d407ae497d:0x219e1dab93cd3ff8!8m2!3d43.5950555!4d-70.3245948,Maine Medical Partners - Scarborough Family Medicine,3,7,Medical group,,"300 Professional Dr STE 2C, Scarborough, ME 04074, United States","HMWG+25 Scarborough, Maine, USA",mainehealth.org,+1 207-883-7926,8am-5pm,8am-5pm,Closed,Closed,8am-5pm,8am-5pm,8am-5pm,https://lh5.googleusercontent.com/p/AF1QipNOOjUjUr107GziBp3xDOaX_Ao20t1DFNrRAj39=w426-h240-k-no,TRUE,43.5950625,-70.3245625,"https://www.google.com/maps/search/primary+care+providers+maine/@44.0212663,-69.9692732,8.41z",2022-03-03T20:56:22.501Z,
https://www.google.com/maps/place/Southern+Maine+Health+Care+Internal+Medicine+-+Biddeford/data=!4m5!3m4!1s0x4cb2a515ded1fddf:0x6f21d373d75c2ede!8m2!3d43.4843314!4d-70.4895595,Southern Maine Health Care Internal Medicine - Biddeford,2.7,7,Medical clinic,,"46 Barra Road Suites 201/202, Biddeford, ME 04005, United States","FGM6+P5 Biddeford, Maine, USA",mainehealth.org,+1 207-282-3349,8am-5pm,8am-5pm,Closed,Closed,8am-5pm,8am-5pm,8am-5pm,https://lh5.googleusercontent.com/p/AF1QipMfSNaLEN2_RZjVdBWctXRkHcVNCaFsdsGWN9tm=w426-h240-k-no,TRUE,43.4843125,-70.4895625,"https://www.google.com/maps/search/primary+care+providers+maine/@44.0212663,-69.9692732,8.41z",2022-03-03T20:56:26.453Z,
https://www.google.com/maps/place/Maine-Dartmouth+Family+Practice/data=!4m5!3m4!1s0x4cb1e6a1387c2305:0x1758d35179a13209!8m2!3d44.5651473!4d-69.6464767,Maine-Dartmouth Family Practice,2.8,18,Medical clinic,,"149 North St, Waterville, ME 04901, United States","H983+3C Waterville, Maine, USA",mainegeneral.org,+1 207-861-5000,8am-5:30pm,8am-5:30pm,Closed,Closed,8am-7:30pm,8am-5:30pm,8am-5:30pm,https://streetviewpixels-pa.googleapis.com/v1/thumbnail?panoid=_ifD6n_BbzmBP1YGh5xiEw&cb_client=search.gws-prod.gps&w=408&h=240&yaw=239.46387&pitch=0&thumbfov=100,TRUE,44.5651875,-69.6464375,"https://www.google.com/maps/search/primary+care+providers+maine/@44.0212663,-69.9692732,8.41z",2022-03-03T20:56:30.939Z,
https://www.google.com/maps/place/Minot+Avenue+Family+Medicine/data=!4m5!3m4!1s0x4cb2699adfb0e9ff:0x8e6e8884a965f23b!8m2!3d44.0819566!4d-70.2599228,Minot Avenue Family Medicine,3.7,22,Family practice physician,,"789 Minot Ave, Auburn, ME 04210, United States","3PJR+Q2 Auburn, Maine, USA",cmhc.org,+1 207-795-8475,8am-5pm,8am-5pm,Closed,Closed,8am-5pm,8am-5pm,8am-5pm,https://lh5.googleusercontent.com/p/AF1QipNLBe4bbyrz3QPyIWDdevWSGKf3yOIwGr1v-0zL=w408-h272-k-no,TRUE,44.0819375,-70.2599375,"https://www.google.com/maps/search/primary+care+providers+maine/@44.0212663,-69.9692732,8.41z",2022-03-03T20:56:34.917Z,
https://www.google.com/maps/place/Falmouth+Family+Medicine/data=!4m5!3m4!1s0x4cb284a017bd553f:0xa037d0eec5840489!8m2!3d43.7277108!4d-70.2334887,Falmouth Family Medicine,3.8,13,Family practice physician,,"5 Bucknam Rd #2c, Falmouth, ME 04105, United States","PQH8+3J Falmouth, Maine, USA",mainemedicalpartners.org,+1 207-781-1500,9am-5pm,9am-5pm,9am-5pm,9am-5pm,9am-5pm,9am-5pm,9am-5pm,https://lh5.googleusercontent.com/p/AF1QipO7J9yvQZYoBmiW7mPuHMq0wrvi-8gmrEfroGKh=w408-h544-k-no,FALSE,43.7276875,-70.2334375,"https://www.google.com/maps/search/primary+care+providers+maine/@44.0212663,-69.9692732,8.41z",2022-03-03T20:56:38.864Z,
https://www.google.com/maps/place/Northern+Light+Health+Center/data=!4m5!3m4!1s0x4caebd16816a4403:0x6eb8c4e2ccf3c4b1!8m2!3d44.2839921!4d-68.3231837,Northern Light Health Center,4,4,Medical Center,,"45 Herrick Rd, Southwest Harbor, ME 04679, United States","7MMG+HP Southwest Harbor, Maine, USA",northernlighthealth.org,+1 207-244-5513,8am-5pm,8am-5pm,Closed,Closed,8am-5pm,8am-5pm,8am-5pm,https://streetviewpixels-pa.googleapis.com/v1/thumbnail?panoid=26rZQqC6JrDT9qA8ZkJatw&cb_client=search.gws-prod.gps&w=408&h=240&yaw=66.04201&pitch=0&thumbfov=100,TRUE,44.2839375,-68.3231875,"https://www.google.com/maps/search/primary+care+providers+maine/@44.0212663,-69.9692732,8.41z",2022-03-03T20:56:43.123Z,
https://www.google.com/maps/place/Ellsworth+Family+Planning+%26+Primary+Care/data=!4m5!3m4!1s0x4caef109fa7ba97b:0x847687db63d21770!8m2!3d44.5513088!4d-68.4294936,Ellsworth Family Planning & Primary Care,3.7,3,Reproductive health clinic,,"248 State St #3a, Ellsworth, ME 04605, United States","HH2C+G6 Ellsworth, Maine, USA",mainefamilyplanning.org,+1 207-812-7030,Closed,8am-4pm,Closed,Closed,9am-5pm,9am-5pm,8am-4pm,https://streetviewpixels-pa.googleapis.com/v1/thumbnail?panoid=psSjNe7y0vvw1iqio1R6mQ&cb_client=search.gws-prod.gps&w=408&h=240&yaw=163.14081&pitch=0&thumbfov=100,TRUE,44.5513125,-68.4294375,"https://www.google.com/maps/search/primary+care+providers+maine/@44.0212663,-69.9692732,8.41z",2022-03-03T20:56:47.213Z,
https://www.google.com/maps/place/Naples+Family+Practice/data=!4m5!3m4!1s0x4cb2577a49e37613:0xa9874e1b0ecb3db6!8m2!3d43.9667201!4d-70.5842473,Naples Family Practice,2.8,10,Family practice physician,,"410 Roosevelt Trail, Naples, ME 04055, United States","XC88+M8 Naples, Maine, USA",cmhc.org,+1 207-693-6106,8am-5:30pm,8am-5:30pm,Closed,Closed,8am-5:30pm,8am-5:30pm,8am-5:30pm,https://lh5.googleusercontent.com/p/AF1QipO6Ry6IZjK0BWhvluvmjOgq8KZ9xYXG_NXvijOW=w408-h272-k-no,TRUE,43.9666875,-70.5841875,"https://www.google.com/maps/search/primary+care+providers+maine/@44.0212663,-69.9692732,8.41z",2022-03-03T20:56:51.659Z,
https://www.google.com/maps/place/Blue+Hill+Family+Medicine/data=!4m5!3m4!1s0x4cae8c6d6b2b5bb9:0x7ccd29bfcc5d3826!8m2!3d44.4106868!4d-68.5870497,Blue Hill Family Medicine,3,1,Doctor,,"57 Water St, Blue Hill, ME 04614, United States","CC67+75 Blue Hill, Maine, USA",northernlighthealth.org,+1 207-374-2311,8am-5pm,8am-5pm,9am-2pm,Closed,8am-5pm,8am-5pm,8am-7pm,https://lh5.googleusercontent.com/p/AF1QipOPTx5qBzGIVWBnIgCQKSnXyysA9rFpKLHka1pn=w408-h248-k-no,FALSE,44.4106875,-68.5870625,"https://www.google.com/maps/search/primary+care+providers+maine/@44.0212663,-69.9692732,8.41z",2022-03-03T20:56:56.049Z,
https://www.google.com/maps/place/Poland+Family+Practice/data=!4m5!3m4!1s0x4cb24315c7bea27b:0x156bbfa8a9a7cda3!8m2!3d44.0629217!4d-70.395401,Poland Family Practice,2.9,23,Family practice physician,,"1230 Maine St, Poland, ME 04274, United States","3J73+5R Poland, Maine, USA",stmarysmaine.com,+1 207-998-4483,8am-5pm,8am-5pm,Closed,Closed,8am-5pm,8am-5pm,8am-5pm,https://lh5.googleusercontent.com/p/AF1QipNrmWvLTxKlsI5AS-ACOOSnYEhUIyByZjarflCY=w408-h272-k-no,TRUE,44.0629375,-70.3954375,"https://www.google.com/maps/search/primary+care+providers+maine/@44.0212663,-69.9692732,8.41z",2022-03-03T20:57:00.018Z,
https://www.google.com/maps/place/Maine+Medical+Partners+-+Falmouth+Family+Medicine/data=!4m5!3m4!1s0x4cb284a04f00d203:0x5e49cd8616f9ebf8!8m2!3d43.7277193!4d-70.2334657,Maine Medical Partners - Falmouth Family Medicine,3.4,5,Medical group,,"5 Bucknam Rd #2c, Falmouth, ME 04105, United States","PQH8+3J Falmouth, Maine, USA",mainehealth.org,+1 207-781-1500,8am-5pm,8am-5pm,Closed,Closed,8am-5pm,8am-5pm,8am-8pm,https://lh5.googleusercontent.com/p/AF1QipMvKzv9X47p2RD3hi-aTddGEgol5bznseSaisMq=w408-h291-k-no,TRUE,43.7276875,-70.2334375,"https://www.google.com/maps/search/primary+care+providers+maine/@44.0212663,-69.9692732,8.41z",2022-03-03T20:57:03.811Z,
"https://www.google.com/maps/place/SVH+Family+Care:+Robertson+Cynthia+MD/@44.8388859,-69.2907535,17z/data=!3m1!4b1!4m5!3m4!1s0x4cae2a21c738028b:0x540458bc23a583e7!8m2!3d44.8387691!4d-69.2885556",SVH Family Care: Robertson Cynthia MD,,,Doctor,,"8 Main St A, Newport, ME 04953, United States","RPQ6+HH Newport, Maine, USA",,+1 207-368-4292,7:30am-4:30pm,7:30am-2pm,Closed,Closed,7:30am-4:30pm,7:30am-4:30pm,7:30am-4:30pm,,FALSE,44.8389375,-69.2885625,"https://www.google.com/maps/search/primary+care+providers+maine/@44.0212663,-69.9692732,8.41z",2022-03-03T20:57:09.642Z,
https://www.google.com/maps/place/Duffy+Michael+MD/data=!4m5!3m4!1s0x4cb28d9dfaa2d873:0xe651b3e77805b61a!8m2!3d43.6392643!4d-70.4211674,Duffy Michael MD,5,1,Doctor,,"19 S Gorham Crossing Rd, Gorham, ME 04038, United States","JHQH+PG Gorham, Maine, USA",,+1 207-535-1400,,,,,,,,https://lh5.googleusercontent.com/p/AF1QipNgdq2u4xGZv5FvCk6-sKjoRE8mo3sI3frFeg05=w626-h240-k-no,FALSE,43.6393125,-70.4211875,"https://www.google.com/maps/search/primary+care+providers+maine/@44.0212663,-69.9692732,8.41z",2022-03-03T20:57:13.652Z,
"https://www.google.com/maps/place/Dr.+Adam+Lauer,+DO/data=!4m5!3m4!1s0x4cae4b609b7f8057:0x2698e98282861938!8m2!3d44.7930159!4d-68.7670479","Dr. Adam Lauer, DO",5,10,Family practice physician,,"92 S Main St, Brewer, ME 04412, United States","Q6VM+65 Brewer, Maine, USA",twincityfamilymedicine.biz,+1 207-989-2326,7am-4pm,7am-1pm,Closed,Closed,7am-4pm,7am-4pm,7am-4pm,https://lh5.googleusercontent.com/p/AF1QipMDuDQGz0HmDxh_qtzMumg11UzkJC7H01--I6NC=w408-h270-k-no,TRUE,44.7930625,-68.7670625,"https://www.google.com/maps/search/primary+care+providers+maine/@44.0212663,-69.9692732,8.41z",2022-03-03T20:57:17.328Z,
https://www.google.com/maps/place/Megunticook+Family+Medicine/data=!4m5!3m4!1s0x4cadd784f122977d:0x2c7f68beba5de6d5!8m2!3d44.1811207!4d-69.1338833,Megunticook Family Medicine,3.7,3,Family practice physician,,"643 Rockland St, Rockport, ME 04856, United States","5VJ8+CC Rockport, Maine, USA",megunticookfamilymedicine.com,+1 207-390-8570,7:30am-4pm,9am-5pm,Closed,Closed,9am-5pm,10am-6:30pm,9am-5pm,https://lh5.googleusercontent.com/p/AF1QipOzSonlPNHGJRAXAwggMgzUbuKrTzYDiAUuTYEL=w408-h306-k-no,TRUE,44.1810625,-69.1339375,"https://www.google.com/maps/search/primary+care+providers+maine/@44.0212663,-69.9692732,8.41z",2022-03-03T20:57:21.568Z,Identifies as veteran-owned
https://www.google.com/maps/place/St.+Joseph+Family+Medicine+-+Evergreen+Woods/data=!4m5!3m4!1s0x4cafb35e54da80bf:0x187583776227392d!8m2!3d44.8236532!4d-68.7352167,St. Joseph Family Medicine - Evergreen Woods,4.3,8,Family practice physician,,"700 Mt Hope Ave #210, Bangor, ME 04401, United States","R7F7+FW Bangor, Maine, USA",stjoeshealing.org,+1 207-337-9739,8am-5pm,8am-5pm,Closed,Closed,8am-5pm,8am-5pm,8am-5pm,https://streetviewpixels-pa.googleapis.com/v1/thumbnail?panoid=-iFNpsIuhxckqv4JU7fYIQ&cb_client=search.gws-prod.gps&w=408&h=240&yaw=319.68588&pitch=0&thumbfov=100,TRUE,44.8236875,-68.7351875,"https://www.google.com/maps/search/primary+care+providers+maine/@44.0212663,-69.9692732,8.41z",2022-03-03T20:57:25.489Z,
https://www.google.com/maps/place/Osteopathic+Center+for+Family+Medicine/data=!4m5!3m4!1s0x4cae4b904a9cab99:0x7cc9079d73c168f2!8m2!3d44.767903!4d-68.798073,Osteopathic Center for Family Medicine,5,9,Family practice physician,,"603 Main Rd N, Hampden, ME 04444, United States","Q692+5Q Hampden, Maine, USA",ocfm.com,+1 207-945-5400,7am-4pm,8am-12pm,Closed,Closed,8am-12pm,7am-4pm,7am-4pm,https://lh5.googleusercontent.com/p/AF1QipNqhVWkSgGftkYqX0bWCZIK0adl1RKwwelWRikB=w408-h407-k-no,TRUE,44.7679375,-68.7980625,"https://www.google.com/maps/search/primary+care+providers+maine/@44.0212663,-69.9692732,8.41z",2022-03-03T20:57:29.067Z,
https://www.google.com/maps/place/Jodi+Newcombe/data=!4m5!3m4!1s0x4cb286b5c35aa987:0xad1c512d0298e3a0!8m2!3d43.7951011!4d-70.1880954,Jodi Newcombe,,,Family practice physician,,"385 US-1, Yarmouth, ME 04096, United States","QRW6+2Q Yarmouth, Maine, USA",northernlighthealth.org,+1 207-535-1200,,,,,,,,https://streetviewpixels-pa.googleapis.com/v1/thumbnail?panoid=lztppmDIpUx40GGbC5uNog&cb_client=search.gws-prod.gps&w=408&h=240&yaw=90.86146&pitch=0&thumbfov=100,FALSE,43.7950625,-70.1880625,"https://www.google.com/maps/search/primary+care+providers+maine/@44.0212663,-69.9692732,8.41z",2022-03-03T20:57:33.576Z,
"https://www.google.com/maps/place/InterMed,+P.A./data=!4m5!3m4!1s0x4cb29c727d079f4f:0x20a2817d7f3e0e27!8m2!3d43.6624489!4d-70.2650185","InterMed, P.A.",3.2,58,Doctor,,"84 Marginal Way #800, Portland, ME 04101, United States","MP6M+XX Portland, Maine, USA",intermed.com,+1 207-774-5816,8:30am-4:30pm,8:30am-4:30pm,Closed,Closed,8:30am-4:30pm,8:30am-4:30pm,8:30am-4:30pm,https://lh5.googleusercontent.com/p/AF1QipOZycvLbERkFkk_lQ6ssCGbretRl85PPgDDSwjU=w408-h243-k-no,TRUE,43.6624375,-70.2650625,"https://www.google.com/maps/search/primary+care+providers+maine/@44.0212663,-69.9692732,8.41z",2022-03-03T20:57:40.070Z,
https://www.google.com/maps/place/Martin's+Point+Health+Care+Center/data=!4m5!3m4!1s0x4cb2a53ce7e3ff63:0xbef757b7549e0dcc!8m2!3d43.4856348!4d-70.4910358,Martin's Point Health Care Center,2.8,30,Medical clinic,,"61 Barra Rd, Biddeford, ME 04005, United States","FGP5+7H Biddeford, Maine, USA",martinspoint.org,+1 207-283-1441,8am-4pm,8am-4pm,Closed,Closed,8am-4pm,8am-4pm,8am-4pm,https://lh5.googleusercontent.com/p/AF1QipMRBkAec44N4rPjvuPHY3bBJBMvbJ3Miug4q4kI=w408-h271-k-no,TRUE,43.4856875,-70.4910625,"https://www.google.com/maps/search/primary+care+providers+maine/@44.0212663,-69.9692732,8.41z",2022-03-03T20:57:46.727Z,
https://www.google.com/maps/place/St.+Joseph+Family+Medicine+-+Brewer/data=!4m5!3m4!1s0x4cae4c999959a0c9:0xe2b3dc8c6fb114b6!8m2!3d44.7868815!4d-68.7561114,St. Joseph Family Medicine - Brewer,2.4,16,Medical Center,,"329 Wilson St #2, Brewer, ME 04412, United States","Q6PV+QH Brewer, Maine, USA",stjoeshealing.org,+1 207-307-3000,8am-5pm,8am-5pm,Closed,Closed,8am-5pm,8am-5pm,8am-5pm,https://streetviewpixels-pa.googleapis.com/v1/thumbnail?panoid=7gav80Y3XJWlO75e_gtqQQ&cb_client=search.gws-prod.gps&w=408&h=240&yaw=231.03154&pitch=0&thumbfov=100,TRUE,44.7869375,-68.7560625,"https://www.google.com/maps/search/primary+care+providers+maine/@44.0212663,-69.9692732,8.41z",2022-03-03T20:57:50.587Z,
https://www.google.com/maps/place/Linville+Cortney+MD/data=!4m5!3m4!1s0x4cad8736403edc15:0x1bc5de560c68f392!8m2!3d43.8952967!4d-69.9681183,Linville Cortney MD,5,2,Family practice physician,,"329 Maine St H, Brunswick, ME 04011, United States","V2WJ+4Q Brunswick, Maine, USA",parkviewamc.org,,,,,,,,,https://streetviewpixels-pa.googleapis.com/v1/thumbnail?panoid=5pF-7Ok1OGClGOYnvdRTQA&cb_client=search.gws-prod.gps&w=408&h=240&yaw=6.9879146&pitch=0&thumbfov=100,FALSE,43.8953125,-69.9680625,"https://www.google.com/maps/search/primary+care+providers+maine/@44.0212663,-69.9692732,8.41z",2022-03-03T20:57:54.973Z,
https://www.google.com/maps/place/Norway+Family+Medicine/data=!4m5!3m4!1s0x4cb249ec8827ac63:0x1eb509cb17cac81e!8m2!3d44.2005399!4d-70.529266,Norway Family Medicine,2,1,Doctor,,"39 Main St, Norway, ME 04268, United States","6F2C+67 Norway, Maine, USA",mainehealth.org,+1 207-743-9645,,,,,,,,https://streetviewpixels-pa.googleapis.com/v1/thumbnail?panoid=Ii3F459HEkhhcgUXBhtz6w&cb_client=search.gws-prod.gps&w=408&h=240&yaw=54.74537&pitch=0&thumbfov=100,FALSE,44.2005625,-70.5293125,"https://www.google.com/maps/search/primary+care+providers+maine/@44.0212663,-69.9692732,8.41z",2022-03-03T20:57:59.439Z,
https://www.google.com/maps/place/Ciampi+Michael+A+MD/data=!4m5!3m4!1s0x4cb29ebbe13eaee3:0xa6fafd0a7db45cd1!8m2!3d43.6301631!4d-70.2812453,Ciampi Michael A MD,5,3,Family practice physician,,"380 Lincoln St, South Portland, ME 04106, United States","JPJ9+3G South Portland, Maine, USA",ciampifamilypractice.com,+1 207-774-1222,,,,,,,,https://streetviewpixels-pa.googleapis.com/v1/thumbnail?panoid=DZPiljpLnAEmBV0uWGtlRQ&cb_client=search.gws-prod.gps&w=408&h=240&yaw=68.01683&pitch=0&thumbfov=100,FALSE,43.6301875,-70.2811875,"https://www.google.com/maps/search/primary+care+providers+maine/@44.0212663,-69.9692732,8.41z",2022-03-03T20:58:03.279Z,
"https://www.google.com/maps/place/Coastal+Maine+Direct+Care,+LLC/data=!4m5!3m4!1s0x4cb285e1c9689b27:0x9558c6c0a62a9cca!8m2!3d43.7254652!4d-70.2469626","Coastal Maine Direct Care, LLC",4.9,17,Medical office,,"74 Lunt Rd Suite 206, Falmouth, ME 04105, United States","PQG3+56 Falmouth, Maine, USA",coastalmainedirectcare.com,+1 207-572-3115,9am-5pm,9am-5pm,Closed,Closed,9am-5pm,9am-5pm,9am-5pm,https://lh5.googleusercontent.com/p/AF1QipPRIeuP7zAecZUvIDD0ZiloPeFfN1yUNe6NpuG7=w426-h240-k-no,TRUE,43.7254375,-70.2469375,"https://www.google.com/maps/search/primary+care+providers+maine/@44.0212663,-69.9692732,8.41z",2022-03-03T20:58:07.588Z,
https://www.google.com/maps/place/St.+Mary's+Center+for+Family+Medicine+at+Mollison+Way/data=!4m5!3m4!1s0x4cb26b095a315c1b:0x7457ef2a520c3d6f!8m2!3d44.1242834!4d-70.198662,St. Mary's Center for Family Medicine at Mollison Way,3.5,10,Medical clinic,,"15 Mollison Way, Lewiston, ME 04240, United States","4RF2+PG Lewiston, Maine, USA",stmarysmaine.com,+1 207-843-9718,8am-5pm,8am-5pm,Closed,Closed,8am-5pm,8am-5pm,8am-5pm,https://lh5.googleusercontent.com/p/AF1QipOtfUDbr9JaNcbXMKtAoHr2sOs6w2IohJYi6HWX=w408-h272-k-no,TRUE,44.1243125,-70.1986875,"https://www.google.com/maps/search/primary+care+providers+maine/@44.0212663,-69.9692732,8.41z",2022-03-03T20:58:11.520Z,
https://www.google.com/maps/place/Northern+Light+Primary+Care/data=!4m5!3m4!1s0x4cae4d1c6e2f0e97:0xe29cd032e973f9b9!8m2!3d44.7871859!4d-68.7534753,Northern Light Primary Care,3.7,6,Medical clinic,,"234 State Street Northern Light Health Center, Brewer, ME 04412, United States","Q6PW+VJ Brewer, Maine, USA",northernlighthealth.org,+1 207-989-0550,,,,,,,,https://streetviewpixels-pa.googleapis.com/v1/thumbnail?panoid=SSUnJ4NjEb572H7u3i1UNw&cb_client=search.gws-prod.gps&w=408&h=240&yaw=332.04492&pitch=0&thumbfov=100,TRUE,44.7871875,-68.7534375,"https://www.google.com/maps/search/primary+care+providers+maine/@44.0212663,-69.9692732,8.41z",2022-03-03T20:58:15.497Z,
https://www.google.com/maps/place/Northern+New+England+Primary+Care/data=!4m5!3m4!1s0x4cb203806affd861:0x28247960d729ddd6!8m2!3d44.3247014!4d-69.8499897,Northern New England Primary Care,,,Home health care service,,"29 Bowdoin St, Manchester, ME 04351, United States","85F2+V2 Manchester, Maine, USA",,+1 207-622-4500,,,,,,,,https://lh5.googleusercontent.com/p/AF1QipMrysTscAUTD4RdNDUbZR70pKQQUutkFiJvlEjr=w527-h240-k-no,TRUE,44.3246875,-69.8499375,"https://www.google.com/maps/search/primary+care+providers+maine/@44.0212663,-69.9692732,8.41z",2022-03-03T20:58:19.814Z,
"https://www.google.com/maps/place/Dr.+Shirley+A.+Frederick,+MD/data=!4m5!3m4!1s0x89e2be79153ccd2b:0xea0e20d7fbeaabfb!8m2!3d43.1291054!4d-70.7719963","Dr. Shirley A. Frederick, MD",,,Family practice physician,,"19 Levesque Dr Suite 2, Eliot, ME 03903, United States",,,+1 207-451-9600,,,,,,,,https://streetviewpixels-pa.googleapis.com/v1/thumbnail?panoid=_dZQrVZp2xku-gFGFNuj4Q&cb_client=search.gws-prod.gps&w=408&h=240&yaw=227.44554&pitch=0&thumbfov=100,FALSE,,,"https://www.google.com/maps/search/primary+care+providers+maine/@44.0212663,-69.9692732,8.41z",2022-03-03T20:58:22.932Z,
https://www.google.com/maps/place/Northern+Light+Family+Medicine+and+Residency/data=!4m5!3m4!1s0x4cae4ad6829023f1:0x79b9d3c82e46eba4!8m2!3d44.8143268!4d-68.8012296,Northern Light Family Medicine and Residency,3.1,24,Medical clinic,,"895 Union St #12, Bangor, ME 04401, United States","R57X+PG Bangor, Maine, USA",northernlighthealth.org,+1 207-973-7979,8am-5pm,8am-5pm,Closed,Closed,8am-5pm,8am-5pm,8am-5pm,https://lh5.googleusercontent.com/p/AF1QipOurgC0C1wYML5bnJ7HddgqHfDqutjYBSBvubPn=w426-h240-k-no,TRUE,44.8143125,-68.8011875,"https://www.google.com/maps/search/primary+care+providers+maine/@44.0212663,-69.9692732,8.41z",2022-03-03T20:58:26.954Z,
https://www.google.com/maps/place/Western+Maine+Family+Health+Center/data=!4m5!3m4!1s0x4cb1883395354245:0x75d20138ed80096a!8m2!3d44.47286!4d-70.188234,Western Maine Family Health Center,3.6,7,Doctor,,"16 Depot St #300, Livermore Falls, ME 04254, United States","FRF6+4P Livermore Falls, Maine, USA",westernchc.org,+1 207-897-4345,8am-7pm,7:30am-5:30pm,Closed,Closed,7:30am-5:30pm,8am-5pm,7:30am-5:30pm,https://streetviewpixels-pa.googleapis.com/v1/thumbnail?panoid=AUe1uFwTJ35Z3Ri6sXaFvQ&cb_client=search.gws-prod.gps&w=408&h=240&yaw=12.846452&pitch=0&thumbfov=100,FALSE,44.4728125,-70.1881875,"https://www.google.com/maps/search/primary+care+providers+maine/@44.0212663,-69.9692732,8.41z",2022-03-03T20:58:31.383Z,
https://www.google.com/maps/place/WCMP+Primary+%26+Walk-In+Care/data=!4m5!3m4!1s0x4cae6fc50b81777f:0xee0e5dd5acbce031!8m2!3d44.4124905!4d-68.9962967,WCMP Primary & Walk-In Care,3,6,Medical group,,"119 Northport Ave, Belfast, ME 04915, United States","C263+XF Belfast, Maine, USA",mainehealth.org,+1 207-505-4567,,,,,,,,https://streetviewpixels-pa.googleapis.com/v1/thumbnail?panoid=ifNP3-rFfnKwGtUiKfTmjQ&cb_client=search.gws-prod.gps&w=408&h=240&yaw=249.78488&pitch=0&thumbfov=100,TRUE,44.4124375,-68.9963125,"https://www.google.com/maps/search/primary+care+providers+maine/@44.0212663,-69.9692732,8.41z",2022-03-03T20:58:34.865Z,
https://www.google.com/maps/place/Swift+River+Family+Medicine/data=!4m5!3m4!1s0x4cb17dbb9192b47f:0xa6794ec37bd578a4!8m2!3d44.5520352!4d-70.5571114,Swift River Family Medicine,2.3,10,Family practice physician,,"430 Franklin St, Rumford, ME 04276, United States","HC2V+R5 Rumford, Maine, USA",cmhc.org,+1 207-369-0146,8am-8pm,8am-8pm,Closed,Closed,8am-8pm,8am-8pm,8am-8pm,https://lh5.googleusercontent.com/p/AF1QipPy-npl2fVZUqaHsNkGH5LdI9ohznRLkSY2LZ1T=w408-h272-k-no,TRUE,44.5520625,-70.5570625,"https://www.google.com/maps/search/primary+care+providers+maine/@44.0212663,-69.9692732,8.41z",2022-03-03T20:58:38.847Z,
https://www.google.com/maps/place/Fryeburg+Family+Medicine/data=!4m5!3m4!1s0x4cb3a9124b6859ed:0x34304f79e22bf845!8m2!3d44.0212511!4d-70.9508144,Fryeburg Family Medicine,3.7,3,Medical clinic,,"253 Bridgton Rd, Fryeburg, ME 04037, United States","22CX+GM Fryeburg, Maine, USA",cmhc.org,+1 207-935-3383,8am-5pm,8am-5pm,Closed,Closed,8am-5pm,8am-5pm,8am-5pm,https://lh5.googleusercontent.com/p/AF1QipO5NHheflNxpygKiU8f6WQ-xY5bMZFukHDh_PpF=w408-h271-k-no,TRUE,44.0213125,-70.9508125,"https://www.google.com/maps/search/primary+care+providers+maine/@44.0212663,-69.9692732,8.41z",2022-03-03T20:58:43.100Z,
https://www.google.com/maps/place/Winthrop+Family+Practice/data=!4m5!3m4!1s0x4cb21b1d19a08ead:0x36e7fe3fc65559d5!8m2!3d44.3070956!4d-69.9711319,Winthrop Family Practice,5,1,Doctor,,"149 Main St Ste 2a, Winthrop, ME 04364, United States","824H+RG Winthrop, Maine, USA",mainegeneral.org,+1 207-377-2111,,,,,,,,https://streetviewpixels-pa.googleapis.com/v1/thumbnail?panoid=OVKxLd2eZ2kiuWutn0y2OA&cb_client=search.gws-prod.gps&w=408&h=240&yaw=236.02763&pitch=0&thumbfov=100,FALSE,44.3070625,-69.9711875,"https://www.google.com/maps/search/primary+care+providers+maine/@44.0212663,-69.9692732,8.41z",2022-03-03T20:58:46.973Z,
https://www.google.com/maps/place/Family+Health+Associates/data=!4m5!3m4!1s0x4cb26afe75b6bea9:0x90e596a9be594f96!8m2!3d44.1281509!4d-70.2180786,Family Health Associates,2.6,14,Family practice physician,,"190 Stetson Rd, Auburn, ME 04210, United States","4QHJ+7Q Auburn, Maine, USA",cmhc.org,+1 207-784-7388,7am-6pm,7am-6pm,8am-12pm,Closed,7am-6pm,7am-6pm,7am-6pm,https://lh5.googleusercontent.com/p/AF1QipMaOMe6MFwSoRbcPVPoM5xGUV1j5XsP-b0365qZ=w408-h272-k-no,TRUE,44.1281875,-70.2180625,"https://www.google.com/maps/search/primary+care+providers+maine/@44.0212663,-69.9692732,8.41z",2022-03-03T20:58:51.294Z,
"https://www.google.com/maps/place/Dr.+Starie+L.+Seay,+MD/data=!4m5!3m4!1s0x4caef1db44e8003f:0x316d833af1da6a4b!8m2!3d44.5327492!4d-68.4053622","Dr. Starie L. Seay, MD",3.7,3,Family practice physician,,"32 Resort Way, Ellsworth, ME 04605, United States","GHMV+3V Ellsworth, Maine, USA",,+1 207-664-5382,,,,,,,,https://streetviewpixels-pa.googleapis.com/v1/thumbnail?panoid=mgmpQEpOXKvZYdA2n7jMTA&cb_client=search.gws-prod.gps&w=408&h=240&yaw=277.88205&pitch=0&thumbfov=100,FALSE,44.5326875,-68.4053125,"https://www.google.com/maps/search/primary+care+providers+maine/@44.0212663,-69.9692732,8.41z",2022-03-03T20:58:55.453Z,
https://www.google.com/maps/place/EMMC+Family+Medicine+-+Brewer/data=!4m5!3m4!1s0x4cae4c90c8f198fd:0x5f3d724d84a53ed8!8m2!3d44.7872313!4d-68.753487,EMMC Family Medicine - Brewer,2.8,16,Medical group,,"234 State St, Brewer, ME 04412, United States","Q6PW+VJ Brewer, Maine, USA",northernlighthealth.org,+1 207-989-0550,7am-5pm,7am-5pm,Closed,Closed,7am-5pm,7am-5pm,7am-5pm,https://streetviewpixels-pa.googleapis.com/v1/thumbnail?panoid=SSUnJ4NjEb572H7u3i1UNw&cb_client=search.gws-prod.gps&w=408&h=240&yaw=334.86136&pitch=0&thumbfov=100,FALSE,44.7871875,-68.7534375,"https://www.google.com/maps/search/primary+care+providers+maine/@44.0212663,-69.9692732,8.41z",2022-03-03T20:59:01.405Z,
https://www.google.com/maps/place/Gray+Family+Health+Center/data=!4m5!3m4!1s0x4cb261936fd99475:0x575cbe0da3e7a94f!8m2!3d43.901515!4d-70.344039,Gray Family Health Center,2.6,12,Family practice physician,,"126 Shaker Rd, Gray, ME 04039, United States","WM24+J9 Gray, Maine, USA",cmhc.org,+1 207-657-3308,8am-5pm,8am-5pm,Closed,Closed,8am-5pm,8am-5pm,8am-5pm,https://lh5.googleusercontent.com/p/AF1QipNDzw-NMnfVHsVmGTKSK-rfkzmhp2739LbThF98=w408-h272-k-no,TRUE,43.9015625,-70.3440625,"https://www.google.com/maps/search/primary+care+providers+maine/@44.0212663,-69.9692732,8.41z",2022-03-03T20:59:05.786Z,
https://www.google.com/maps/place/Mid+Coast+Medical+Group%E2%80%93Topsham+Internal+Medicine/data=!4m5!3m4!1s0x4cad87773c72775f:0xf5a5a5c7e5fb9cee!8m2!3d43.9355665!4d-69.9573084,Mid Coast Medical Group-Topsham Internal Medicine,3.1,14,Medical group,,"One Wellness Way, Topsham, ME 04086, United States","W2PV+63 Topsham, Maine, USA",midcoasthealth.com,+1 207-406-7600,8am-5pm,8am-5pm,Closed,Closed,8am-5pm,8am-5pm,8am-5pm,https://lh5.googleusercontent.com/p/AF1QipMclvCEFgzQkVw-lDg5oYMTVfQQKdNhdyloijkb=w408-h601-k-no,TRUE,43.9355625,-69.9573125,"https://www.google.com/maps/search/primary+care+providers+maine/@44.0212663,-69.9692732,8.41z",2022-03-03T20:59:10.425Z,
https://www.google.com/maps/place/Northern+Light+Mercy+Primary+Care/data=!4m5!3m4!1s0x4cb28c196371eb37:0x347e69dc43c8d075!8m2!3d43.8020679!4d-70.4042049,Northern Light Mercy Primary Care,3.3,24,Medical clinic,,"409 Roosevelt Trail, Windham, ME 04062, United States","RH2W+R8 Windham, Maine, USA",northernlighthealth.org,+1 207-400-8600,8am-5pm,8am-5pm,Closed,Closed,8am-5pm,8am-5pm,8am-5pm,https://lh5.googleusercontent.com/p/AF1QipPKYX6xAOqFGWB0QMA-q3WDP2oJMspv-BtGZ-eq=w408-h544-k-no,TRUE,43.8020625,-70.4041875,"https://www.google.com/maps/search/primary+care+providers+maine/@44.0212663,-69.9692732,8.41z",2022-03-03T20:59:14.471Z,
https://www.google.com/maps/place/Great+Works+Family+Practice/data=!4m5!3m4!1s0x89e2a29eef0ce81f:0x5cb0244ead004746!8m2!3d43.2355716!4d-70.8082818,Great Works Family Practice,4.2,10,Family practice physician,,"57 Portland St, South Berwick, ME 03908, United States","65PR+6M South Berwick, Maine, USA",yorkhospital.com,+1 207-384-9212,7am-5pm,7am-5pm,Closed,Closed,7am-5pm,7am-6pm,8am-5pm,https://streetviewpixels-pa.googleapis.com/v1/thumbnail?panoid=LUwZyG9lY_RwE36R5OPsKQ&cb_client=search.gws-prod.gps&w=408&h=240&yaw=160.94547&pitch=0&thumbfov=100,TRUE,43.2355625,-70.8083125,"https://www.google.com/maps/search/primary+care+providers+maine/@44.0212663,-69.9692732,8.41z",2022-03-03T20:59:18.551Z,LGBTQ+ friendly
"https://www.google.com/maps/place/Elisabeth+DelPrete,+D.O./@43.3937652,-70.5300043,17z/data=!3m1!4b1!4m5!3m4!1s0x4cb2ae7c6f74db63:0x3f050ad2c0649de1!8m2!3d43.393731!4d-70.5277507","Elisabeth DelPrete, D.O.",5,4,Family practice physician,,"North Tower, 2 Livewell Dr, Kennebunk, ME 04043, United States","9FVC+GV Kennebunk, Maine, USA",mainehealth.org,+1 207-467-8988,,,,,,,,https://streetviewpixels-pa.googleapis.com/v1/thumbnail?panoid=nAXsWytNj-FDyzQERl9MHA&cb_client=search.gws-prod.gps&w=408&h=240&yaw=277.37396&pitch=0&thumbfov=100,TRUE,43.3938125,-70.5278125,"https://www.google.com/maps/search/primary+care+providers+maine/@44.0212663,-69.9692732,8.41z",2022-03-03T20:59:23.825Z,
https://www.google.com/maps/place/Dexter+Family+Practice/data=!4m5!3m4!1s0x4cb02ed0fa79d465:0x928fc3ce45beea9b!8m2!3d45.0209407!4d-69.2875169,Dexter Family Practice,5,3,Doctor,,"51 High St # A, Dexter, ME 04930, United States","2PC6+9X Dexter, Maine, USA",,+1 207-924-7349,,,,,,,,https://streetviewpixels-pa.googleapis.com/v1/thumbnail?panoid=JRGvqUSQl4DjgXWbWJDtdw&cb_client=search.gws-prod.gps&w=408&h=240&yaw=248.59302&pitch=0&thumbfov=100,FALSE,45.0209375,-69.2875625,"https://www.google.com/maps/search/primary+care+providers+maine/@44.0212663,-69.9692732,8.41z",2022-03-03T20:59:27.816Z,
https://www.google.com/maps/place/Cmmc+Family+Medicine+Residency:+Koteles+Alicia+MD/data=!4m5!3m4!1s0x4cb26bc7175b22a7:0xecc15029f7c1669e!8m2!3d44.1023259!4d-70.2156989,Cmmc Family Medicine Residency: Koteles Alicia MD,1,3,Doctor,,"76 High St # 200, Lewiston, ME 04240, United States","4Q2M+WP Lewiston, Maine, USA",cmhc.org,+1 207-795-2800,,,,,,,,https://streetviewpixels-pa.googleapis.com/v1/thumbnail?panoid=mixiCvrg49IrNHhYSejqpg&cb_client=search.gws-prod.gps&w=408&h=240&yaw=170.79716&pitch=0&thumbfov=100,FALSE,44.1023125,-70.2156875,"https://www.google.com/maps/search/primary+care+providers+maine/@44.0212663,-69.9692732,8.41z",2022-03-03T20:59:32.524Z,
"https://www.google.com/maps/place/David+Huish,+PA-C/@44.625571,-70.1662559,17z/data=!3m1!4b1!4m5!3m4!1s0x4cb19b375c7d1ceb:0xc4c00a2b2d0e6f06!8m2!3d44.625522!4d-70.1641477","David Huish, PA-C",,,Family practice physician,,"131 Franklin health commons, Farmington, ME 04938, United States","JRGP+69 Farmington, Maine, USA",mainehealth.org,+1 207-860-4090,,,,,,,,,TRUE,44.6255625,-70.1640625,"https://www.google.com/maps/search/primary+care+providers+maine/@44.0212663,-69.9692732,8.41z",2022-03-03T20:59:38.235Z,
https://www.google.com/maps/place/Maine+Medical+Partners/data=!4m5!3m4!1s0x4cb253012d7957fb:0x7fb67b691c5394a!8m2!3d44.0546482!4d-70.7102614,Maine Medical Partners,1,1,Doctor,,"55 Main St, Bridgton, ME 04009, United States","373Q+VV Bridgton, Maine, USA",mainehealth.org,+1 207-647-2144,,,,,,,,https://streetviewpixels-pa.googleapis.com/v1/thumbnail?panoid=JfYCLPtSm9oKsbgqH69Hsg&cb_client=search.gws-prod.gps&w=408&h=240&yaw=237.75081&pitch=0&thumbfov=100,FALSE,44.0546875,-70.7103125,"https://www.google.com/maps/search/primary+care+providers+maine/@44.0212663,-69.9692732,8.41z",2022-03-03T20:59:42.017Z,
https://www.google.com/maps/place/Redington+Family+Practice/data=!4m5!3m4!1s0x4cb1c1528dccaffb:0xefb44e17981b70e6!8m2!3d44.7591623!4d-69.7138928,Redington Family Practice,2.3,3,Doctor,,"46 Fairview Ave, Skowhegan, ME 04976, United States","Q75P+MC Skowhegan, Maine, USA",rfgh.net,+1 207-474-3320,,,,,,,,https://streetviewpixels-pa.googleapis.com/v1/thumbnail?panoid=atOiyrDU3o9jbbhRIgzevA&cb_client=search.gws-prod.gps&w=408&h=240&yaw=65.1074&pitch=0&thumbfov=100,FALSE,44.7591875,-69.7139375,"https://www.google.com/maps/search/primary+care+providers+maine/@44.0212663,-69.9692732,8.41z",2022-03-03T20:59:46.316Z,
https://www.google.com/maps/place/Black+Dog+Medical+-+Dr.+Patty+Wyshak+MD+-+Primary+Care+Doctor/data=!4m5!3m4!1s0x4caeebf23c4e2a0f:0x23c0bec538dba9bd!8m2!3d44.4773468!4d-68.3097204,Black Dog Medical - Dr. Patty Wyshak MD - Primary Care Doctor,,,Doctor,,"11 Madison Ave, Lamoine, ME 04605, United States","FMGR+W4 Lamoine, Maine, USA",blackdogmedical.com,+1 207-200-1464,,,,,,,,https://lh5.googleusercontent.com/p/AF1QipPahvE1DL6ljaRlwS5ifx1xIGRRP-JpU_1xlMnY=w408-h273-k-no,TRUE,44.4773125,-68.3096875,"https://www.google.com/maps/search/primary+care+providers+maine/@44.0212663,-69.9692732,8.41z",2022-03-03T20:59:50.409Z,
https://www.google.com/maps/place/MaineGeneral+Internal+Medicine/data=!4m5!3m4!1s0x4cb1e47ea2aa8725:0xf9e8a2869f0a7e!8m2!3d44.5540739!4d-69.6308123,MaineGeneral Internal Medicine,,,Doctor,,"211 Main St, Waterville, ME 04901, United States","H939+JM Waterville, Maine, USA",mainegeneral.org,+1 207-877-3470,,,,,,,,https://streetviewpixels-pa.googleapis.com/v1/thumbnail?panoid=aTdymOlcQBvUVMgBJNnNXg&cb_client=search.gws-prod.gps&w=408&h=240&yaw=359.874&pitch=0&thumbfov=100,TRUE,44.5540625,-69.6308125,"https://www.google.com/maps/search/primary+care+providers+maine/@44.0212663,-69.9692732,8.41z",2022-03-03T20:59:54.758Z,
https://www.google.com/maps/place/Skowhegan+Family+Medicine/data=!4m5!3m4!1s0x4cb1c1568e62855b:0x2fe2f0decc68b37f!8m2!3d44.7576472!4d-69.7123155,Skowhegan Family Medicine,3.7,3,Doctor,,"64 Fairview Ave, Skowhegan, ME 04976, United States","Q75Q+33 Skowhegan, Maine, USA",rfgh.net,+1 207-474-6201,8am-4:30pm,8am-4:30pm,Closed,Closed,8am-4:30pm,8am-4:30pm,8am-4:30pm,https://streetviewpixels-pa.googleapis.com/v1/thumbnail?panoid=PqqJdaZQa-xuf_-9YGfH0A&cb_client=search.gws-prod.gps&w=408&h=240&yaw=38.41234&pitch=0&thumbfov=100,FALSE,44.7576875,-69.7123125,"https://www.google.com/maps/search/primary+care+providers+maine/@44.0212663,-69.9692732,8.41z",2022-03-03T20:59:59.024Z,
"https://www.google.com/maps/place/Cecilia+V.+Davies,+M.D./data=!4m5!3m4!1s0x4cb26bfdf332d14f:0xfc8259201865813c!8m2!3d44.1023259!4d-70.2156989","Cecilia V. Davies, M.D.",,,Family practice physician,,"76 High St, Lewiston, ME 04240, United States","4Q2M+WP Lewiston, Maine, USA",cmhc.org,+1 207-795-2800,,,,,,,,https://streetviewpixels-pa.googleapis.com/v1/thumbnail?panoid=mixiCvrg49IrNHhYSejqpg&cb_client=search.gws-prod.gps&w=408&h=240&yaw=170.79716&pitch=0&thumbfov=100,TRUE,44.1023125,-70.2156875,"https://www.google.com/maps/search/primary+care+providers+maine/@44.0212663,-69.9692732,8.41z",2022-03-03T21:00:02.964Z,
"https://www.google.com/maps/place/Mid+Coast+Medical+Group/@43.9061784,-69.8925862,17z/data=!3m1!4b1!4m5!3m4!1s0x4cad8688a515c8ad:0x56f45e82710a510f!8m2!3d43.9061784!4d-69.8903975",Mid Coast Medical Group,3.7,3,Doctor,,"121 Medical Center Dr, Brunswick, ME 04011, United States","W445+FR Brunswick, Maine, USA",midcoasthealth.com,+1 207-729-4996,,,,,,,,,FALSE,43.9061875,-69.8904375,"https://www.google.com/maps/search/primary+care+providers+maine/@44.0212663,-69.9692732,8.41z",2022-03-03T21:00:08.693Z,
"https://www.google.com/maps/place/Lincoln+Medical+Partners/@43.8501462,-69.6418554,17z/data=!3m1!4b1!4m5!3m4!1s0x4cad98e6cf29c5b3:0x306ea570421ce597!8m2!3d43.8501462!4d-69.6396667",Lincoln Medical Partners,1,1,Medical group,,"19 St Andrews Ln, Boothbay Harbor, ME 04538, United States","V926+34 Boothbay Harbor, Maine, USA",mainehealth.org,+1 207-633-1182,8am-8pm,8am-8pm,8am-8pm,8am-8pm,8am-8pm,8am-8pm,8am-8pm,,TRUE,43.8501875,-69.6396875,"https://www.google.com/maps/search/primary+care+providers+maine/@44.0212663,-69.9692732,8.41z",2022-03-03T21:00:14.487Z,
https://www.google.com/maps/place/Maine+Dartmouth+Family+Practice:+Theriault+Courtney+L/data=!4m5!3m4!1s0x4cb1e6a1387c2305:0x8e378f1c4f865014!8m2!3d44.5652124!4d-69.6464211,Maine Dartmouth Family Practice: Theriault Courtney L,,,Doctor,,"149 North St, Waterville, ME 04901, United States","H983+3C Waterville, Maine, USA",mainegeneral.org,+1 207-861-5000,,,,,,,,https://streetviewpixels-pa.googleapis.com/v1/thumbnail?panoid=_ifD6n_BbzmBP1YGh5xiEw&cb_client=search.gws-prod.gps&w=408&h=240&yaw=242.84648&pitch=0&thumbfov=100,FALSE,44.5651875,-69.6464375,"https://www.google.com/maps/search/primary+care+providers+maine/@44.0212663,-69.9692732,8.41z",2022-03-03T21:00:18.916Z,
https://www.google.com/maps/place/Northern+Light+Mercy+Primary+Care/data=!4m5!3m4!1s0x4cb2853bea4d3205:0x56e32327ac7a9753!8m2!3d43.7361252!4d-70.296639,Northern Light Mercy Primary Care,2.4,14,Medical clinic,,"75 Gray Rd, Falmouth, ME 04105, United States","PPP3+F8 Falmouth, Maine, USA",northernlighthealth.org,+1 207-535-1340,7am-5pm,7:30am-5pm,Closed,Closed,7:15am-6pm,7am-5pm,7:30am-5pm,https://streetviewpixels-pa.googleapis.com/v1/thumbnail?panoid=V8vzjBXR5DgAboUoGenvgw&cb_client=search.gws-prod.gps&w=408&h=240&yaw=23.431488&pitch=0&thumbfov=100,TRUE,43.7361875,-70.2966875,"https://www.google.com/maps/search/primary+care+providers+maine/@44.0212663,-69.9692732,8.41z",2022-03-03T21:00:22.411Z,
"https://www.google.com/maps/place/Leigh+Presutto,+MD/data=!4m5!3m4!1s0x4cae79d4ca08b3e5:0x17827328e40a444!8m2!3d44.2748119!4d-69.012418","Leigh Presutto, MD",,,Family practice physician,,"2399 Atlantic Hwy, Lincolnville, ME 04849, United States","7XFQ+W2 Lincolnville, Maine, USA",mainehealth.org,+1 207-236-4851,,,,,,,,https://lh5.googleusercontent.com/p/AF1QipPasEUjnExDFHpq7FNoq3ORCop-zzb2uAtaWzpR=w426-h240-k-no,TRUE,44.2748125,-69.0124375,"https://www.google.com/maps/search/primary+care+providers+maine/@44.0212663,-69.9692732,8.41z",2022-03-03T21:00:26.158Z,
https://www.google.com/maps/place/Inland+Family+Care/data=!4m5!3m4!1s0x4cb1e48017235af5:0x3a600c53446a3055!8m2!3d44.5500477!4d-69.6318817,Inland Family Care,2.1,62,Medical clinic,,"16 Concourse W, Waterville, ME 04901, United States","H929+26 Waterville, Maine, USA",inlandhospital.org,+1 207-873-1036,7:30am-4:30pm,7:30am-4:30pm,Closed,Closed,7:30am-4:30pm,7:30am-4:30pm,7:30am-4:30pm,https://streetviewpixels-pa.googleapis.com/v1/thumbnail?panoid=jd-lUchdnCGuz32j8VSvpQ&cb_client=search.gws-prod.gps&w=408&h=240&yaw=248.80911&pitch=0&thumbfov=100,TRUE,44.5500625,-69.6319375,"https://www.google.com/maps/search/primary+care+providers+maine/@44.0212663,-69.9692732,8.41z",2022-03-03T21:00:32.809Z,
https://www.google.com/maps/place/Boothbay+Region+Health+Center/data=!4m5!3m4!1s0x4cad98f7794a6d71:0xd95f6af87c815c53!8m2!3d43.8611644!4d-69.6254632,Boothbay Region Health Center,4.3,6,Family practice physician,,"185 Townsend Ave, Boothbay Harbor, ME 04538, United States","V96F+FR Boothbay Harbor, Maine, USA",boothbayhealthcare.org,+1 207-633-1075,8:30am-4:30pm,8:30am-4:30pm,10am-4pm,10am-4pm,8:30am-4:30pm,8:30am-4:30pm,8:30am-4:30pm,https://lh5.googleusercontent.com/p/AF1QipOaImt_N5Qpwxq3IGYHKgT8aCU_1re_3Yfnf6Rj=w408-h342-k-no,TRUE,43.8611875,-69.6254375,"https://www.google.com/maps/search/primary+care+providers+maine/@44.0212663,-69.9692732,8.41z",2022-03-03T21:00:36.780Z,
"https://www.google.com/maps/place/Stephen+Donnelly,+D.O./@43.8166906,-70.4337301,17z/data=!3m1!4b1!4m5!3m4!1s0x4cb28c794b084fdf:0x77e60994aa4b96c6!8m2!3d43.816813!4d-70.4314324","Stephen Donnelly, D.O.",3,2,Family practice physician,,"584 Roosevelt Trail, Windham, ME 04062, United States","RH89+M9 Windham, Maine, USA",mainehealth.org,+1 207-892-3233,8am-7pm,Closed,9am-12pm,Closed,8am-7pm,8am-7pm,8am-7pm,https://streetviewpixels-pa.googleapis.com/v1/thumbnail?panoid=Hd3Xu7_p_mrIHnoTHBU-5Q&cb_client=search.gws-prod.gps&w=408&h=240&yaw=233.91257&pitch=0&thumbfov=100,TRUE,43.8166875,-70.4315625,"https://www.google.com/maps/search/primary+care+providers+maine/@44.0212663,-69.9692732,8.41z",2022-03-03T21:00:43.660Z,
https://www.google.com/maps/place/Mid+Coast+Medical+Group%E2%80%93Bath+Internal+Medicine/data=!4m5!3m4!1s0x4cad85093ff2f4f5:0xe57b11c16683b248!8m2!3d43.912177!4d-69.817429,Mid Coast Medical Group-Bath Internal Medicine,3.4,18,Medical group,,"108 Centre St, Bath, ME 04530, United States","W56M+V2 Bath, Maine, USA",midcoasthealth.com,+1 207-386-1800,8:30am-5pm,8:30am-5pm,Closed,Closed,8:30am-5pm,8:30am-5pm,8:30am-5pm,https://lh5.googleusercontent.com/p/AF1QipPX6lRRghkMF4klGg3RAELIQAgZIr8i9qFdXwys=w426-h240-k-no,TRUE,43.9121875,-69.8174375,"https://www.google.com/maps/search/primary+care+providers+maine/@44.0212663,-69.9692732,8.41z",2022-03-03T21:00:47.882Z,
https://www.google.com/maps/place/Cutler+Health+Center/data=!4m5!3m4!1s0x4cafb12eee03c9a1:0xd2ea1261daf48a50!8m2!3d44.9029737!4d-68.667365,Cutler Health Center,2.6,11,Medical clinic,,"80 Long Rd, Orono, ME 04469, United States","W83M+53 Orono, Maine, USA",umaine.edu,+1 207-581-4000,8am-5pm,8am-5pm,Closed,Closed,8am-5pm,8am-5pm,8am-5pm,https://streetviewpixels-pa.googleapis.com/v1/thumbnail?panoid=gOOx-dD7uduqq5ag4LDm9A&cb_client=search.gws-prod.gps&w=408&h=240&yaw=62.13278&pitch=0&thumbfov=100,TRUE,44.9029375,-68.6673125,"https://www.google.com/maps/search/primary+care+providers+maine/@44.0212663,-69.9692732,8.41z",2022-03-03T21:00:52.046Z,
https://www.google.com/maps/place/Lisbon+Family+Practice/data=!4m5!3m4!1s0x4cb2705a97304b91:0xfaba9e3116a2c232!8m2!3d44.0144309!4d-70.0892944,Lisbon Family Practice,2.8,16,Family practice physician,,"2 Bisbee St, Lisbon, ME 04250, United States","2W76+Q7 Lisbon, Maine, USA",cmhc.org,+1 207-353-6721,8am-5pm,8am-5pm,Closed,Closed,8am-5pm,8am-5pm,8am-5pm,https://lh5.googleusercontent.com/p/AF1QipMVrWo5iWmGsC8cJVFpgCc33-K4aiMqvoqUZ2N4=w408-h272-k-no,TRUE,44.0144375,-70.0893125,"https://www.google.com/maps/search/primary+care+providers+maine/@44.0212663,-69.9692732,8.41z",2022-03-03T21:00:55.703Z,
https://www.google.com/maps/place/Auburn+Medical+Associates/data=!4m5!3m4!1s0x4cb26af82947a7bb:0x6756bc470abdab44!8m2!3d44.1270396!4d-70.2299076,Auburn Medical Associates,1.5,2,Doctor,,"15 Gracelawn Rd # 103, Auburn, ME 04210, United States","4QGC+R2 Auburn, Maine, USA",stmarysmaine.com,+1 207-330-3950,,,,,,,,https://streetviewpixels-pa.googleapis.com/v1/thumbnail?panoid=FQN28Ki37wh2n7fD0LUOlQ&cb_client=search.gws-prod.gps&w=408&h=240&yaw=62.510723&pitch=0&thumbfov=100,FALSE,44.1270625,-70.2299375,"https://www.google.com/maps/search/primary+care+providers+maine/@44.0212663,-69.9692732,8.41z",2022-03-03T21:00:59.710Z,
https://www.google.com/maps/place/Family+Medicine+Institute/data=!4m5!3m4!1s0x4cb20133df9b9ddf:0x40c9cd55e080d726!8m2!3d44.3133968!4d-69.767574,Family Medicine Institute,2.9,31,Family practice physician,,"15 E E Chestnut St, Augusta, ME 04330, United States","867J+9X Augusta, Maine, USA",mainegeneral.org,+1 207-626-1561,8:30am-8pm,8:30am-5pm,Closed,Closed,8:30am-8pm,8:30am-8pm,8:30am-8pm,https://lh5.googleusercontent.com/p/AF1QipMj-enAuvMu1uYbiQk9719re3pVFJdoAuLO33LT=w408-h725-k-no,TRUE,44.3134375,-69.7675625,"https://www.google.com/maps/search/primary+care+providers+maine/@44.0212663,-69.9692732,8.41z",2022-03-03T21:01:04.675Z,
https://www.google.com/maps/place/Full+Circle+Direct+Primary+Care/data=!4m5!3m4!1s0x4cad94d2eba0fab5:0x50c780e559e6787f!8m2!3d44.0335233!4d-69.5193055,Full Circle Direct Primary Care,5,1,Medical clinic,,"68 Chapman St, Damariscotta, ME 04543, United States","2FMJ+C7 Damariscotta, Maine, USA",fullcircledpc.com,+1 207-563-6616,8am-5:30pm,8am-4pm,Closed,Closed,8am-4:30pm,8am-4:30pm,8am-4:30pm,https://lh5.googleusercontent.com/p/AF1QipPt2HeJ-dzzmejlutj3asDpMy5X-ydlbnJuvUn4=w408-h544-k-no,TRUE,44.0335625,-69.5193125,"https://www.google.com/maps/search/primary+care+providers+maine/@44.0212663,-69.9692732,8.41z",2022-03-03T21:01:08.859Z,
"https://www.google.com/maps/place/Benjamin+Hagopian,+MD/data=!4m5!3m4!1s0x4cb24b11058bca81:0x9d75fd72353e3d66!8m2!3d43.6480468!4d-70.2613088","Benjamin Hagopian, MD",5,3,Family practice physician,,"231 York St, Portland, ME 04102, United States","JPXQ+6F Portland, Maine, USA",mainefamilycare.com,+1 207-544-9800,9am-4pm,9am-4pm,Closed,Closed,9am-4pm,9am-4pm,9am-4pm,https://lh5.googleusercontent.com/p/AF1QipMA6XIzowRA843IrNADoGHtmY4nU6ybbOTWhdsZ=w408-h272-k-no,TRUE,43.6480625,-70.2613125,"https://www.google.com/maps/search/primary+care+providers+maine/@44.0212663,-69.9692732,8.41z",2022-03-03T21:01:12.433Z,
"https://www.google.com/maps/place/Laura+LaRosa,+MD/data=!4m5!3m4!1s0x4cb24bc835955605:0x6b7df5ceffb99526!8m2!3d44.212686!4d-70.5429661","Laura LaRosa, MD",5,1,Family practice physician,,"8 Pikes Hill, Norway, ME 04268, United States","6F74+3R Norway, Maine, USA",mainehealth.org,+1 207-744-6444,,,,,,,,https://streetviewpixels-pa.googleapis.com/v1/thumbnail?panoid=RgaPUx-5rm3S3n8uY3_9MA&cb_client=search.gws-prod.gps&w=408&h=240&yaw=100.46551&pitch=0&thumbfov=100,TRUE,44.2126875,-70.5429375,"https://www.google.com/maps/search/primary+care+providers+maine/@44.0212663,-69.9692732,8.41z",2022-03-03T21:01:16.432Z,
https://www.google.com/maps/place/Maine+Medical+Partners+-+Portland+Family+Medicine/data=!4m5!3m4!1s0x4cb29c6a1f474bbf:0x1c59b044effe4ac1!8m2!3d43.6619271!4d-70.2524466,Maine Medical Partners - Portland Family Medicine,3.4,25,Medical group,,"272 Congress St, Portland, ME 04101, United States","MP6X+Q2 Portland, Maine, USA",mainehealth.org,+1 207-874-2466,8am-5pm,8am-5pm,Closed,Closed,8am-5pm,8am-5pm,8am-5pm,https://lh5.googleusercontent.com/p/AF1QipPdyJCXy-5tWEQAk8sbB2VbBFnAl0COuWEi-B1T=w426-h240-k-no,TRUE,43.6619375,-70.2524375,"https://www.google.com/maps/search/primary+care+providers+maine/@44.0212663,-69.9692732,8.41z",2022-03-03T21:01:20.418Z,
"https://www.google.com/maps/place/Dr.+Joseph+L.+Wolfson,+MD/data=!4m5!3m4!1s0x4cb2ae008630798d:0xdc427e9aca6c67ee!8m2!3d43.3947658!4d-70.5291505","Dr. Joseph L. Wolfson, MD",3,1,Family practice physician,,"4 Shape Dr # 1, Kennebunk, ME 04043, United States","9FVC+W8 Kennebunk, Maine, USA",mainehealth.org,+1 207-467-8988,,,,,,,,https://streetviewpixels-pa.googleapis.com/v1/thumbnail?panoid=alMA_My7gMD6cF1PKYMEkA&cb_client=search.gws-prod.gps&w=408&h=240&yaw=208.67267&pitch=0&thumbfov=100,FALSE,43.3948125,-70.5291875,"https://www.google.com/maps/search/primary+care+providers+maine/@44.0212663,-69.9692732,8.41z",2022-03-03T21:01:24.781Z,
"https://www.google.com/maps/place/Lincoln+Medical+Partners+Family+Care+Center/@43.8500783,-69.6418359,17z/data=!3m1!4b1!4m5!3m4!1s0x80dcde85eb816b4b:0x4e5ec2ab59995094!8m2!3d43.8500783!4d-69.6396472",Lincoln Medical Partners Family Care Center,5,1,Medical clinic,,"19 St Andrews Ln, Boothbay Harbor, ME 04538, United States","V926+24 Boothbay Harbor, Maine, USA",mainehealth.org,+1 207-633-7820,8am-5pm,8am-5pm,Closed,Closed,8am-5pm,8am-5pm,8am-5pm,,TRUE,43.8500625,-69.6396875,"https://www.google.com/maps/search/primary+care+providers+maine/@44.0212663,-69.9692732,8.41z",2022-03-03T21:01:30.991Z,
https://www.google.com/maps/place/Gilmore+Michael+J+DO/data=!4m5!3m4!1s0x4cafb35e54da80bf:0xf61e65907212f069!8m2!3d44.836769!4d-68.7493099,Gilmore Michael J DO,4.2,10,Family practice physician,,"824 Stillwater Ave B, Bangor, ME 04401, United States","R7P2+P7 Bangor, Maine, USA",mainefunctionalmedicine.com,+1 207-941-0080,,,,,,,,https://streetviewpixels-pa.googleapis.com/v1/thumbnail?panoid=hTU5b2_GCrZxhTmATxe3QQ&cb_client=search.gws-prod.gps&w=408&h=240&yaw=73.581406&pitch=0&thumbfov=100,FALSE,44.8368125,-68.7493125,"https://www.google.com/maps/search/primary+care+providers+maine/@44.0212663,-69.9692732,8.41z",2022-03-03T21:01:34.705Z,
https://www.google.com/maps/place/PCHC+-+Brewer+Medical+Center/data=!4m5!3m4!1s0x4cae4cfc54ba27b5:0xd6521fde1f67373b!8m2!3d44.7741213!4d-68.7304005,PCHC - Brewer Medical Center,2.7,56,Medical Center,,"735 Wilson St, Brewer, ME 04412, United States","Q7F9+JR Brewer, Maine, USA",pchc.com,+1 207-989-1567,7am-7pm,7am-7pm,7am-7pm,Closed,7am-7pm,7am-7pm,7am-7pm,https://lh5.googleusercontent.com/p/AF1QipM6kX5MdTSL6AUpT3qd50Wtk9uIh0py61-0I7RF=w438-h240-k-no,TRUE,44.7740625,-68.7304375,"https://www.google.com/maps/search/primary+care+providers+maine/@44.0212663,-69.9692732,8.41z",2022-03-03T21:01:38.826Z,LGBTQ+ friendly
https://www.google.com/maps/place/PCHC+-+Helen+Hunt+Health+Center/data=!4m5!3m4!1s0x4cafb0b7faee6a57:0xd56819f6cd716ebf!8m2!3d44.932655!4d-68.646541,PCHC - Helen Hunt Health Center,4,58,Medical Center,,"242 Brunswick St, Old Town, ME 04468, United States","W9M3+39 Old Town, Maine, USA",pchc.com,+1 207-827-6128,7am-7pm,7am-7pm,7am-7pm,Closed,7am-7pm,7am-7pm,7am-7pm,https://lh5.googleusercontent.com/p/AF1QipNt5LtUTlifkw3t7dymmQGKVGPvM5xnFWc52M16=w408-h272-k-no,TRUE,44.9326875,-68.6465625,"https://www.google.com/maps/search/primary+care+providers+maine/@44.0212663,-69.9692732,8.41z",2022-03-03T21:01:45.973Z,LGBTQ+ friendly
https://www.google.com/maps/place/Portland+Internal+Medicine/data=!4m5!3m4!1s0x4cb29c7422a57307:0xb4f29e150a1fb0f!8m2!3d43.664058!4d-70.2703808,Portland Internal Medicine,2.3,24,Doctor,,"43 Baxter Blvd, Portland, ME 04101, United States","MP7H+JR Portland, Maine, USA",,+1 207-771-1717,8am-5pm,8am-5pm,Closed,Closed,8am-5pm,8am-5pm,8am-5pm,https://streetviewpixels-pa.googleapis.com/v1/thumbnail?panoid=TEu8ApNzNfBwOOvsKJOKBw&cb_client=search.gws-prod.gps&w=408&h=240&yaw=284.26428&pitch=0&thumbfov=100,FALSE,43.6640625,-70.2704375,"https://www.google.com/maps/search/primary+care+providers+maine/@44.0212663,-69.9692732,8.41z",2022-03-03T21:01:49.865Z,
"https://www.google.com/maps/place/Jay+Allen,+MD/@44.1441064,-69.0864153,17z/data=!3m1!4b1!4m5!3m4!1s0x4cadd133c5739f75:0x44973c9b25206bc4!8m2!3d44.1441064!4d-69.0842266","Jay Allen, MD",,,Family practice physician,,"6 Glen Cove Dr, Rockport, ME 04856, United States","4WV8+J8 Rockport, Maine, USA",mainehealth.org,+1 207-832-5291,,,,,,,,,TRUE,44.1440625,-69.0841875,"https://www.google.com/maps/search/primary+care+providers+maine/@44.0212663,-69.9692732,8.41z",2022-03-03T21:01:55.708Z,
https://www.google.com/maps/place/North+Bridgton+Family+Practice+%26+Walk-in+Clinic/data=!4m5!3m4!1s0x4cb24d612535e553:0x47b3f7b15df71d28!8m2!3d44.0995095!4d-70.6974697,North Bridgton Family Practice & Walk-in Clinic,3.5,20,Family practice physician,,"14 Wyonegonic Rd, Bridgton, ME 04009, United States","38X3+R2 Bridgton, Maine, USA",cmhc.org,+1 207-647-9021,8am-5pm,8am-5pm,9am-1pm,Closed,8am-5pm,8am-5pm,8am-5pm,https://lh5.googleusercontent.com/p/AF1QipPJEMHa3em7WcYFwycKMx9TXnKap297x7GpME2K=w408-h272-k-no,TRUE,44.0995625,-70.6974375,"https://www.google.com/maps/search/primary+care+providers+maine/@44.0212663,-69.9692732,8.41z",2022-03-03T21:02:02.039Z,
"https://www.google.com/maps/place/David+L.+Salko,+M.D./data=!4m5!3m4!1s0x4cb27877fbd09bb5:0x181276cfe8bd7291!8m2!3d43.9369025!4d-69.9704333","David L. Salko, M.D.",3.7,10,Family practice physician,,"4 Horton Pl, Topsham, ME 04086, United States","W2PH+QR Topsham, Maine, USA",cmhc.org,+1 207-798-6200,,,,,,,,https://streetviewpixels-pa.googleapis.com/v1/thumbnail?panoid=vdbmziikPWyjm67oatBDcQ&cb_client=search.gws-prod.gps&w=408&h=240&yaw=210.58218&pitch=0&thumbfov=100,TRUE,43.9369375,-69.9704375,"https://www.google.com/maps/search/primary+care+providers+maine/@44.0212663,-69.9692732,8.41z",2022-03-03T21:02:06.305Z,
https://www.google.com/maps/place/Ashley+Hill/data=!4m5!3m4!1s0x4cb1c152ba6aaaab:0x23fca740b5d28cab!8m2!3d44.7588925!4d-69.7130792,Ashley Hill,,,General practitioner,,"46 Fairview Ave STE 111, Skowhegan, ME 049761481, United States","Q75P+HQ Skowhegan, Maine, USA",rfgh.net,+1 207-474-0905,,,,,,,,https://streetviewpixels-pa.googleapis.com/v1/thumbnail?panoid=WKB_xG2w0IxCl7BhO9rquA&cb_client=search.gws-prod.gps&w=408&h=240&yaw=25.000034&pitch=0&thumbfov=100,FALSE,44.7589375,-69.7130625,"https://www.google.com/maps/search/primary+care+providers+maine/@44.0212663,-69.9692732,8.41z",2022-03-03T21:02:09.423Z,
https://www.google.com/maps/place/Belfast+Family+Medicine/data=!4m5!3m4!1s0x4cae6fb5fe4c1cf7:0xde42c0882982b09c!8m2!3d44.4122375!4d-68.993352,Belfast Family Medicine,,,Doctor,,"16 Fahy St # 102, Belfast, ME 04915, United States","C264+VM Belfast, Maine, USA",mainehealth.org,+1 207-338-5440,,,,,,,,https://streetviewpixels-pa.googleapis.com/v1/thumbnail?panoid=6zlgQhE_S5jDRfTG7N6dcw&cb_client=search.gws-prod.gps&w=408&h=240&yaw=62.69198&pitch=0&thumbfov=100,FALSE,44.4121875,-68.9933125,"https://www.google.com/maps/search/primary+care+providers+maine/@44.0212663,-69.9692732,8.41z",2022-03-03T21:02:12.854Z,
https://www.google.com/maps/place/Inland+Family+Care/data=!4m5!3m4!1s0x4cb1b76d14ac3bdf:0xc55c118fcbff2fd9!8m2!3d44.8079643!4d-69.7580566,Inland Family Care,3,6,Medical group,,"344 Lakewood Rd, Madison, ME 04950, United States","R65R+5Q Madison, Maine, USA",inlandhospital.org,+1 207-474-2994,8am-4pm,8am-4pm,Closed,Closed,8am-5pm,8am-5pm,8am-5pm,https://streetviewpixels-pa.googleapis.com/v1/thumbnail?panoid=8P7NNUUgFS9GwKe3AJ2Scg&cb_client=search.gws-prod.gps&w=408&h=240&yaw=240.71417&pitch=0&thumbfov=100,TRUE,44.8079375,-69.7580625,"https://www.google.com/maps/search/primary+care+providers+maine/@44.0212663,-69.9692732,8.41z",2022-03-03T21:02:16.734Z,
https://www.google.com/maps/place/Maine+Medical+Partners+Standish+Primary+Care/data=!4m5!3m4!1s0x4cb293048947f0fd:0xbdecf548ce287628!8m2!3d43.7297876!4d-70.5444121,Maine Medical Partners Standish Primary Care,5,3,Medical office,,"111 Ossipee Trl E Suite 1B, Standish, ME 04084, United States","PFH4+W6 Standish, Maine, USA",mainehealth.org,+1 207-661-4850,,,,,,,,https://streetviewpixels-pa.googleapis.com/v1/thumbnail?panoid=4r1DIX74sXkFlsv7lMC_aA&cb_client=search.gws-prod.gps&w=408&h=240&yaw=238.67773&pitch=0&thumbfov=100,TRUE,43.7298125,-70.5444375,"https://www.google.com/maps/search/primary+care+providers+maine/@44.0212663,-69.9692732,8.41z",2022-03-03T21:02:20.970Z,
"https://www.google.com/maps/place/B+Street+Health+Center:+Shashi+Panozzo,+MD/data=!4m5!3m4!1s0x4cb26be7c64b8053:0xb82366881f22e848!8m2!3d44.0988826!4d-70.2257818","B Street Health Center: Shashi Panozzo, MD",3,2,Family practice physician,,"2 Great Falls Plaza, Auburn, ME 04210, United States","3QXF+HM Auburn, Maine, USA",stmarysmaine.com,+1 207-330-3950,,,,,,,,https://streetviewpixels-pa.googleapis.com/v1/thumbnail?panoid=9CeuJU8SfFiy4UHuRqk_Pg&cb_client=search.gws-prod.gps&w=408&h=240&yaw=287.9642&pitch=0&thumbfov=100,TRUE,44.0989375,-70.2258125,"https://www.google.com/maps/search/primary+care+providers+maine/@44.0212663,-69.9692732,8.41z",2022-03-03T21:02:24.735Z,
https://www.google.com/maps/place/Family+Practice+on+the+River/data=!4m5!3m4!1s0x4cb2af52f8eefbcd:0x9ac46c28b88242ee!8m2!3d43.4003067!4d-70.527565,Family Practice on the River,4.3,18,Medical clinic,,"62 Portland Rd Suite 47, Kennebunk, ME 04043, United States","CF2C+4X Kennebunk, Maine, USA",familypracticeontheriver.com,+1 207-502-7386,7:30am-3:30pm,Closed,Closed,Closed,7:30am-3:30pm,7:30am-3:30pm,7:30am-3:30pm,https://lh5.googleusercontent.com/p/AF1QipOG4sgEU7RNXGiF95-NR1Wy7LVGUfv9DZOc21Gs=w408-h544-k-no,TRUE,43.4003125,-70.5275625,"https://www.google.com/maps/search/primary+care+providers+maine/@44.0212663,-69.9692732,8.41z",2022-03-03T21:02:29.233Z,
"https://www.google.com/maps/place/Lisa+McAllister,+D.O./data=!4m5!3m4!1s0x4cb3a90e452a8f43:0x7ebc0cb65b8b822d!8m2!3d44.0212696!4d-70.9508056","Lisa McAllister, D.O.",3.3,3,Family practice physician,,"253 Bridgton Rd, Fryeburg, ME 04037, United States","22CX+GM Fryeburg, Maine, USA",cmhc.org,+1 207-935-3383,,,,,,,,https://streetviewpixels-pa.googleapis.com/v1/thumbnail?panoid=2qbFnRE_kWwEw1yAQko_JQ&cb_client=search.gws-prod.gps&w=408&h=240&yaw=161.99612&pitch=0&thumbfov=100,TRUE,44.0213125,-70.9508125,"https://www.google.com/maps/search/primary+care+providers+maine/@44.0212663,-69.9692732,8.41z",2022-03-03T21:02:33.285Z,
"https://www.google.com/maps/place/EMMC+Internal+Medicine/@44.824793,-68.7879036,17z/data=!3m1!4b1!4m5!3m4!1s0x4cafb4d0625bf789:0x263858b8a7ea1876!8m2!3d44.8248046!4d-68.7856142",EMMC Internal Medicine,3.1,37,Internist,,"302 Husson Ave, Bangor, ME 04401, United States","R6F7+WP Bangor, Maine, USA",northernlighthealth.org,+1 207-947-6141,9am-5:30pm,9am-5:30pm,Closed,Closed,9am-5:30pm,9am-5:30pm,9am-5pm,,FALSE,44.8248125,-68.7856875,"https://www.google.com/maps/search/primary+care+providers+maine/@44.0212663,-69.9692732,8.41z",2022-03-03T21:02:39.478Z,
"https://www.google.com/maps/place/Farmington+Family+Practice/@44.6269059,-70.1663438,17z/data=!3m1!4b1!4m5!3m4!1s0x4cb19a41a9a428b5:0x39759bdf2bb77493!8m2!3d44.6270396!4d-70.1639747",Farmington Family Practice,2.4,9,Medical clinic,,"181 Franklin health commons, Farmington, ME 04938, United States","JRGP+Q8 Farmington, Maine, USA",mainehealth.org,+1 207-778-3326,,,,,,,,,TRUE,44.6269375,-70.1641875,"https://www.google.com/maps/search/primary+care+providers+maine/@44.0212663,-69.9692732,8.41z",2022-03-03T21:02:45.389Z,
https://www.google.com/maps/place/Twin+Pines+Family+Medicine/data=!4m5!3m4!1s0x4cb1e4be1bbf9467:0x1cf88ee3b549501b!8m2!3d44.5509062!4d-69.6826509,Twin Pines Family Medicine,3,6,Family practice physician,,"3 Evergreen Dr, Oakland, ME 04963, United States","H828+9W Oakland, Maine, USA",cmhc.org,+1 207-861-9355,8am-5pm,8am-12pm,Closed,Closed,8am-5pm,8am-5pm,8am-5pm,https://lh5.googleusercontent.com/p/AF1QipPOE2IX_-EeGfRmk85O-cEQqAfL8SvK7UKfiq_F=w408-h272-k-no,TRUE,44.5509375,-69.6826875,"https://www.google.com/maps/search/primary+care+providers+maine/@44.0212663,-69.9692732,8.41z",2022-03-03T21:02:50.272Z,
"https://www.google.com/maps/place/Corinne+Grant,+D.O./data=!4m5!3m4!1s0x4cb2a586c22ec893:0xc49d1893b723220!8m2!3d43.4776176!4d-70.4903747","Corinne Grant, D.O.",5,1,Family practice physician,,"1 Medical Center Dr, Biddeford, ME 04005, United States","FGH5+2V Biddeford, Maine, USA",mainehealth.org,+1 207-490-7998,,,,,,,,https://streetviewpixels-pa.googleapis.com/v1/thumbnail?panoid=e2VYu62SOmv1iZ2RndHZSA&cb_client=search.gws-prod.gps&w=408&h=240&yaw=241.53305&pitch=0&thumbfov=100,TRUE,43.4775625,-70.4903125,"https://www.google.com/maps/search/primary+care+providers+maine/@44.0212663,-69.9692732,8.41z",2022-03-03T21:02:53.736Z,
"https://www.google.com/maps/place/Dr.+Bradley+N.+Libenson,+DO/data=!4m5!3m4!1s0x4cb2a400b0c92dd7:0x98e07bf2caa27188!8m2!3d43.2663956!4d-70.8630032","Dr. Bradley N. Libenson, DO",4.8,5,Family practice physician,,"6c School St, Berwick, ME 03901, United States","748P+HQ Berwick, Maine, USA",,+1 207-698-7900,Closed,9am-5pm,Closed,Closed,Closed,9am-5pm,Closed,https://streetviewpixels-pa.googleapis.com/v1/thumbnail?panoid=d-QG88j0-dQLLWuXPKnhsA&cb_client=search.gws-prod.gps&w=408&h=240&yaw=137.8633&pitch=0&thumbfov=100,FALSE,43.2664375,-70.8630625,"https://www.google.com/maps/search/primary+care+providers+maine/@44.0212663,-69.9692732,8.41z",2022-03-03T21:02:57.564Z,
"https://www.google.com/maps/place/Bernard+H.+Perlman,+M.D./data=!4m5!3m4!1s0x4cb253a30434765d:0x3a00385f9d36591f!8m2!3d44.0467419!4d-70.7139819","Bernard H. Perlman, M.D.",5,2,Internist,,"25 Hospital Dr, Bridgton, ME 04009, United States","27WP+MC Bridgton, Maine, USA",cmhc.org,+1 207-647-2311,,,,,,,,https://lh5.googleusercontent.com/p/AF1QipNhPI8Y7B7WkUaEtDsmu2MbQT1QcVyN1dKN4vvu=w408-h408-k-no,TRUE,44.0466875,-70.7139375,"https://www.google.com/maps/search/primary+care+providers+maine/@44.0212663,-69.9692732,8.41z",2022-03-03T21:03:01.538Z,
https://www.google.com/maps/place/Maine+Medical+Partners+-+Westbrook+Pediatrics/data=!4m5!3m4!1s0x4cb29a6923dd0a6f:0xd34d20df70e86f8c!8m2!3d43.6822613!4d-70.3503538,Maine Medical Partners - Westbrook Pediatrics,2.8,25,Medical group,,"1 Harnois Ave #1a, Westbrook, ME 04092, United States","MJJX+WV Westbrook, Maine, USA",mainehealth.org,+1 207-662-1360,7:30am-5pm,8am-5pm,Closed,Closed,7:30am-7pm,7:30am-5pm,8am-5pm,https://lh5.googleusercontent.com/p/AF1QipOLJumQbCA5MFAWYyqHzGrfKZBkd_W-91MsyyuS=w408-h272-k-no,TRUE,43.6823125,-70.3503125,"https://www.google.com/maps/search/primary+care+providers+maine/@44.0212663,-69.9692732,8.41z",2022-03-03T21:03:05.138Z,
https://www.google.com/maps/place/Jennifer+Freese+DO/data=!4m5!3m4!1s0x4cae4c999959a0c9:0xd959e82bf90ca8cc!8m2!3d44.7868595!4d-68.7561092,Jennifer Freese DO,5,1,Family practice physician,,"329 Wilson St, Brewer, ME 04412, United States","Q6PV+PH Brewer, Maine, USA",stjoeshealing.org,+1 207-307-3000,,,,,,,,https://streetviewpixels-pa.googleapis.com/v1/thumbnail?panoid=7gav80Y3XJWlO75e_gtqQQ&cb_client=search.gws-prod.gps&w=408&h=240&yaw=227.47789&pitch=0&thumbfov=100,FALSE,44.7868125,-68.7560625,"https://www.google.com/maps/search/primary+care+providers+maine/@44.0212663,-69.9692732,8.41z",2022-03-03T21:03:09.020Z,
https://www.google.com/maps/place/St.+Joseph+Internal+Medicine/data=!4m5!3m4!1s0x4cafb4b521fbcbe1:0x46e4d424eeb96094!8m2!3d44.830041!4d-68.786386,St. Joseph Internal Medicine,3.8,14,Medical Center,,"900 Broadway Building 5, Bangor, ME 04401, United States","R6J7+2C Bangor, Maine, USA",stjoeshealing.org,+1 207-835-3493,8am-4:30pm,8am-3pm,Closed,Closed,8am-4:30pm,8am-4:30pm,8am-4:30pm,https://streetviewpixels-pa.googleapis.com/v1/thumbnail?panoid=_TVy0MoRDRyvaeEr4Gw41g&cb_client=search.gws-prod.gps&w=408&h=240&yaw=67.79733&pitch=0&thumbfov=100,TRUE,44.8300625,-68.7864375,"https://www.google.com/maps/search/primary+care+providers+maine/@44.0212663,-69.9692732,8.41z",2022-03-03T21:03:13.950Z,
"https://www.google.com/maps/place/Scott+M+Chase,+DO/data=!4m5!3m4!1s0x4cb2932c5a0173f7:0x9c3b59c925154af0!8m2!3d43.7297876!4d-70.5444121","Scott M Chase, DO",3.7,3,Family practice physician,,"111 Ossipee Trl E Suite 1B, Standish, ME 04084, United States","PFH4+W6 Standish, Maine, USA",mainehealth.org,+1 207-661-4850,,,,,,,,https://streetviewpixels-pa.googleapis.com/v1/thumbnail?panoid=4r1DIX74sXkFlsv7lMC_aA&cb_client=search.gws-prod.gps&w=408&h=240&yaw=238.67773&pitch=0&thumbfov=100,TRUE,43.7298125,-70.5444375,"https://www.google.com/maps/search/primary+care+providers+maine/@44.0212663,-69.9692732,8.41z",2022-03-03T21:03:17.204Z,
https://www.google.com/maps/place/Maine+Medical+Partners+-+Peaks+Island+Family+Medicine/data=!4m5!3m4!1s0x4cb29d99a3fffcad:0xeed132f0ced1cab1!8m2!3d43.6582927!4d-70.194089,Maine Medical Partners - Peaks Island Family Medicine,5,1,Medical group,,"87 Central Ave, Peaks Island, ME 04108, United States","MR54+89 Peaks Island, Portland, ME, USA",mainehealth.org,+1 207-766-2929,Closed,8:30am-3pm,Closed,Closed,8:30am-3pm,Closed,8:30am-3pm,https://lh5.googleusercontent.com/p/AF1QipNvVQwwhJa4ZDKntWio3wZXCe3DRqqoJkMFnJry=w408-h408-k-no,TRUE,43.6583125,-70.1940625,"https://www.google.com/maps/search/primary+care+providers+maine/@44.0212663,-69.9692732,8.41z",2022-03-03T21:03:21.037Z,
https://www.google.com/maps/place/Maine+Medical+Partners+-+Internal+Medicine+-+Pediatric+Clinic/data=!4m5!3m4!1s0x4cb29c0f6b7e1229:0xb0ebe7a472dcead8!8m2!3d43.6532533!4d-70.2753332,Maine Medical Partners - Internal Medicine - Pediatric Clinic,,,Medical clinic,,"MMC - 22 Bramhall Street, 1st Floor, Portland, ME 04102, United States","MP3F+8V Portland, Maine, USA",mainehealth.org,+1 207-662-2911,8am-4:30pm,8am-4:30pm,Closed,Closed,8am-4:30pm,8am-4:30pm,8am-4:30pm,https://lh5.googleusercontent.com/p/AF1QipMfK8-BBnKWL9NWB0lPGELcQNu6hVED_LtcC_lD=w408-h272-k-no,TRUE,43.6533125,-70.2753125,"https://www.google.com/maps/search/primary+care+providers+maine/@44.0212663,-69.9692732,8.41z",2022-03-03T21:03:27.511Z,
https://www.google.com/maps/place/Kaplan+Allan+J+MD/data=!4m5!3m4!1s0x4cad876b9bb35d41:0xe905e5929c207f5c!8m2!3d43.9114107!4d-69.9654656,Kaplan Allan J MD,3,12,Family practice physician,,"22 Station Ave, Brunswick, ME 04011, United States","W26M+HR Brunswick, Maine, USA",midcoasthealth.com,+1 207-373-6848,8am-5pm,8am-5pm,Closed,Closed,8am-5pm,8am-5pm,8am-5pm,https://streetviewpixels-pa.googleapis.com/v1/thumbnail?panoid=Uv9W7ElUjh6P0SwhyaNfNg&cb_client=search.gws-prod.gps&w=408&h=240&yaw=49.074085&pitch=0&thumbfov=100,FALSE,43.9114375,-69.9654375,"https://www.google.com/maps/search/primary+care+providers+maine/@44.0212663,-69.9692732,8.41z",2022-03-03T21:03:31.397Z,
https://www.google.com/maps/place/Lisbon+Family+Practice:+Fairchild+Stephen+A+MD/data=!4m5!3m4!1s0x4cb26e3d4f9e7311:0xd28ba55c00e311ab!8m2!3d44.0489321!4d-70.1228502,Lisbon Family Practice: Fairchild Stephen A MD,,,Doctor,,"Lisbon Rd, Lisbon, ME 04250, United States","2VXG+HV Lisbon, Maine, USA",cmhc.org,+1 207-353-6721,,,,,,,,https://streetviewpixels-pa.googleapis.com/v1/thumbnail?panoid=-dVlzZAr6BDJ4yBATp8NrA&cb_client=search.gws-prod.gps&w=408&h=240&yaw=29.31245&pitch=0&thumbfov=100,FALSE,44.0489375,-70.1228125,"https://www.google.com/maps/search/primary+care+providers+maine/@44.0212663,-69.9692732,8.41z",2022-03-03T21:03:35.810Z,
"https://www.google.com/maps/place/Christopher+D.+Blanchette,+PA/data=!4m5!3m4!1s0x4cb1c1528dccaffb:0xf034ede53bf2e0!8m2!3d44.7588925!4d-69.7130792","Christopher D. Blanchette, PA",,,Doctor,,"46 Fairview Ave, Skowhegan, ME 04976, United States","Q75P+HQ Skowhegan, Maine, USA",rfgh.net,+1 207-474-5121,,,,,,,,https://streetviewpixels-pa.googleapis.com/v1/thumbnail?panoid=WKB_xG2w0IxCl7BhO9rquA&cb_client=search.gws-prod.gps&w=408&h=240&yaw=25.000034&pitch=0&thumbfov=100,FALSE,44.7589375,-69.7130625,"https://www.google.com/maps/search/primary+care+providers+maine/@44.0212663,-69.9692732,8.41z",2022-03-03T21:03:39.290Z,
"https://www.google.com/maps/place/Minda+Gold,+MD+FAAFP/data=!4m5!3m4!1s0x4cad94d2eba0fab5:0xd6ab6508e14e5ed0!8m2!3d44.0335233!4d-69.5193054","Minda Gold, MD FAAFP",5,2,Family practice physician,,"68 Chapman St, Damariscotta, ME 04543, United States","2FMJ+C7 Damariscotta, Maine, USA",fullcirclefamilymedicine.com,+1 207-563-6616,,,,,,,,https://streetviewpixels-pa.googleapis.com/v1/thumbnail?panoid=UoG7rC62i6_jD8Qe3WFYgw&cb_client=search.gws-prod.gps&w=408&h=240&yaw=356.81973&pitch=0&thumbfov=100,FALSE,44.0335625,-69.5193125,"https://www.google.com/maps/search/primary+care+providers+maine/@44.0212663,-69.9692732,8.41z",2022-03-03T21:03:42.540Z,
https://www.google.com/maps/place/Auburn+Medical+Associates/data=!4m5!3m4!1s0x4cb26bcfa3788e47:0xc101281c43d8aa2f!8m2!3d44.098689!4d-70.226037,Auburn Medical Associates,2.1,33,Medical group,,"2 Great Falls Plaza Second Floor, 2 Great Falls Plaza Unit 9998, Auburn, ME 04210, United States","3QXF+FH Auburn, Maine, USA",stmarysmaine.com,+1 207-330-3950,8am-5pm,8am-5pm,Closed,Closed,8am-5pm,8am-5pm,8am-5pm,https://lh5.googleusercontent.com/p/AF1QipN5_9OG7KifXRoKIimhMVOucLE8byWZLfgQgRLh=w408-h287-k-no,TRUE,44.0986875,-70.2260625,"https://www.google.com/maps/search/primary+care+providers+maine/@44.0212663,-69.9692732,8.41z",2022-03-03T21:03:46.922Z,
https://www.google.com/maps/place/Martin's+Point+Health+Care+Center/data=!4m5!3m4!1s0x4cb29c9a39ad921d:0x2609cc5a0f443d1a!8m2!3d43.6876957!4d-70.246734,Martin's Point Health Care Center,2.4,77,Medical clinic,,"331 Veranda St, Portland, ME 04103, United States","MQQ3+38 Portland, Maine, USA",martinspoint.org,+1 207-828-2402,7:30am-5pm,7:30am-5pm,9am-3pm,Closed,7:30am-5pm,7:30am-5pm,7:30am-5pm,https://lh5.googleusercontent.com/p/AF1QipN_uOOpkfdZhr13clks7CplvDhVOMceDFy1_jAj=w408-h272-k-no,TRUE,43.6876875,-70.2466875,"https://www.google.com/maps/search/primary+care+providers+maine/@44.0212663,-69.9692732,8.41z",2022-03-03T21:03:50.924Z,
https://www.google.com/maps/place/Four+Seasons+Family+Practice/data=!4m5!3m4!1s0x4cb1e6a1387c2305:0x609f63b076598359!8m2!3d44.5943107!4d-69.6210937,Four Seasons Family Practice,3.6,11,Medical clinic,,"4 Sheridan Dr, Fairfield, ME 04937, United States","H9VH+PH Fairfield, Maine, USA",mainegeneral.org,+1 207-453-3100,8:30am-5pm,8:30am-5pm,Closed,Closed,8:30am-5pm,8:30am-5pm,8:30am-5pm,https://streetviewpixels-pa.googleapis.com/v1/thumbnail?panoid=-xMZCGQqMkznBwc2rbqsnQ&cb_client=search.gws-prod.gps&w=408&h=240&yaw=283.32538&pitch=0&thumbfov=100,TRUE,44.5943125,-69.6210625,"https://www.google.com/maps/search/primary+care+providers+maine/@44.0212663,-69.9692732,8.41z",2022-03-03T21:03:54.973Z,
https://www.google.com/maps/place/York+Hospital+in+Sanford/data=!4m5!3m4!1s0x4cb2b5c85484d159:0x50dd6cccc1a7cefa!8m2!3d43.409706!4d-70.7387206,York Hospital in Sanford,3.7,31,Hospital,,"1474 Main St, Sanford, ME 04073, United States","C756+VG Sanford, Maine, USA",yorkhospital.com,+1 207-608-8425,8am-6pm,8am-6pm,8am-6pm,8am-6pm,8am-6pm,8am-6pm,8am-6pm,https://lh5.googleusercontent.com/p/AF1QipO78pgM8Xnk9acT2PP3IIPGIadH3k1B6WG_gfvm=w408-h306-k-no,TRUE,43.4096875,-70.7386875,"https://www.google.com/maps/search/primary+care+providers+maine/@44.0212663,-69.9692732,8.41z",2022-03-03T21:03:59.969Z,
"https://www.google.com/maps/place/The+Village+Doctor/@44.3916461,-68.090425,17z/data=!3m1!4b1!4m5!3m4!1s0x4caec7bb2b2c7e75:0x6d667cbf679da377!8m2!3d44.3916461!4d-68.0882363",The Village Doctor,5,1,Medical clinic,,"729 Summer Harbor Rd, Winter Harbor, ME 04693, United States","9WR6+MP Winter Harbor, Maine, USA",thevillagedoc.com,+1 207-963-2001,9am-5pm,9am-5pm,Closed,Closed,9am-5pm,9am-5pm,9am-5pm,,TRUE,44.3916875,-68.0881875,"https://www.google.com/maps/search/primary+care+providers+maine/@44.0212663,-69.9692732,8.41z",2022-03-03T21:04:05.876Z,
https://www.google.com/maps/place/Pen+Bay+Family+Medicine/data=!4m5!3m4!1s0x4cadd0ddd0ca9225:0xe48e946c1fe9e1d3!8m2!3d44.1460566!4d-69.0861183,Pen Bay Family Medicine,2.8,13,Medical group,,"15 Anchor Dr #201, Rockport, ME 04856, United States","4WW7+CH Rockport, Maine, USA",mainehealth.org,+1 207-301-5900,8am-5pm,8am-5pm,Closed,Closed,8am-5pm,8am-5pm,8am-5pm,https://lh5.googleusercontent.com/p/AF1QipO9LW3CDb-cnNuVm1CNcqottBbR5E6Bxx-i-a7J=w455-h240-k-no,TRUE,44.1460625,-69.0860625,"https://www.google.com/maps/search/primary+care+providers+maine/@44.0212663,-69.9692732,8.41z",2022-03-03T21:04:09.914Z,
"https://www.google.com/maps/place/Northern+Light+Primary+Care/@44.4107371,-68.5890727,17z/data=!3m1!4b1!4m5!3m4!1s0x4cae8dbdd04acdcb:0x70c02f85a33de096!8m2!3d44.4107371!4d-68.586884",Northern Light Primary Care,,,Medical clinic,,"65 Water St Northern Light Sussman Health Center, Blue Hill, ME 04614, United States","CC67+76 Blue Hill, Maine, USA",northernlighthealth.org,+1 207-374-2311,7:30am-5:30pm,7:30am-5:30pm,Closed,Closed,7:30am-5:30pm,7:30am-5:30pm,7:30am-5:30pm,,TRUE,44.4106875,-68.5869375,"https://www.google.com/maps/search/primary+care+providers+maine/@44.0212663,-69.9692732,8.41z",2022-03-03T21:04:15.609Z,
https://www.google.com/maps/place/Sarah+Tomasz/data=!4m5!3m4!1s0x4cb1c03069daaaab:0x92b4b62ef539741b!8m2!3d44.7105229!4d-69.8046227,Sarah Tomasz,,,Family practice physician,,"87 Mercer Rd, Norridgewock, ME 049573168, United States","P56W+65 Norridgewock, Maine, USA",rfgh.net,+1 207-634-4366,,,,,,,,https://streetviewpixels-pa.googleapis.com/v1/thumbnail?panoid=UywD2x8Hbxi_CQzUV3WoNw&cb_client=search.gws-prod.gps&w=408&h=240&yaw=336.4897&pitch=0&thumbfov=100,FALSE,44.7105625,-69.8045625,"https://www.google.com/maps/search/primary+care+providers+maine/@44.0212663,-69.9692732,8.41z",2022-03-03T21:04:19.373Z,
"https://www.google.com/maps/place/C.+Scott+Matusovich,+F.N.P./data=!4m5!3m4!1s0x4cb24de18ece5ced:0xd2cb8762ab89dcce!8m2!3d44.0995095!4d-70.6974697","C. Scott Matusovich, F.N.P.",,,Family practice physician,,"14 Wyonegonic Rd, Bridgton, ME 04009, United States","38X3+R2 Bridgton, Maine, USA",cmhc.org,+1 207-647-9021,,,,,,,,https://streetviewpixels-pa.googleapis.com/v1/thumbnail?panoid=fp2eg_2YPPTSwmF9T6Mv_Q&cb_client=search.gws-prod.gps&w=408&h=240&yaw=312.38297&pitch=0&thumbfov=100,TRUE,44.0995625,-70.6974375,"https://www.google.com/maps/search/primary+care+providers+maine/@44.0212663,-69.9692732,8.41z",2022-03-03T21:04:23.569Z,
"https://www.google.com/maps/place/Eastern+Maine+Medical+Center/@44.8249731,-68.7879717,17z/data=!3m1!4b1!4m5!3m4!1s0x4cafb4d0626c078f:0xec9d0e65a6e88cca!8m2!3d44.8249839!4d-68.7856891",Eastern Maine Medical Center,2.9,10,Medical clinic,,"302 Husson Ave #2, Bangor, ME 04401, United States","R6F7+XM Bangor, Maine, USA",northernlighthealth.org,+1 207-941-2373,7:30am-5:30pm,7:30am-5:30pm,Closed,Closed,7:30am-5:30pm,7:30am-5:30pm,7:30am-5:30pm,,FALSE,44.8249375,-68.7858125,"https://www.google.com/maps/search/primary+care+providers+maine/@44.0212663,-69.9692732,8.41z",2022-03-03T21:04:29.936Z,
https://www.google.com/maps/place/Dr.+Leigh+Forbush/data=!4m5!3m4!1s0x4cae4b90349eaaab:0x3264b9c3943fedf9!8m2!3d44.7677878!4d-68.7979616,Dr. Leigh Forbush,,,Emergency care physician,,"603 Main Rd N, Hampden, ME 04444, United States","Q692+4R Hampden, Maine, USA",ocfm.com,+1 207-945-5400,,,,,,,,https://streetviewpixels-pa.googleapis.com/v1/thumbnail?panoid=z4q0SYv8mXsCgA5FQkOKbg&cb_client=search.gws-prod.gps&w=408&h=240&yaw=132.14027&pitch=0&thumbfov=100,FALSE,44.7678125,-68.7979375,"https://www.google.com/maps/search/primary+care+providers+maine/@44.0212663,-69.9692732,8.41z",2022-03-03T21:04:33.783Z,
https://www.google.com/maps/place/Mid+Maine+Internal+Medicine/data=!4m5!3m4!1s0x4cb1fdf22446df61:0xba63b78f46a9d8a1!8m2!3d44.4852534!4d-69.6217781,Mid Maine Internal Medicine,4,1,Internist,,"905 Main St, North Vassalboro, ME 04962, United States","F9PH+47 North Vassalboro, Maine, USA",mainegeneral.org,+1 207-873-1098,,,,,,,,https://streetviewpixels-pa.googleapis.com/v1/thumbnail?panoid=Y_ClwPqAKcghn_CPKSgCdg&cb_client=search.gws-prod.gps&w=408&h=240&yaw=51.144276&pitch=0&thumbfov=100,FALSE,44.4853125,-69.6218125,"https://www.google.com/maps/search/primary+care+providers+maine/@44.0212663,-69.9692732,8.41z",2022-03-03T21:04:37.348Z,
