town,year,borrelia_percent,borrelia_positive,borrelia_tests,anaplasma_percent,anaplasma_positive,anaplasma_tests,babesia_percent,babesia_positive,babesia_tests,ehrlichia_percent,ehrlichia_positive,ehrlichia_tests,francisella_percent,francisella_positive,francisella_tests,rickettsia_percent,rickettsia_positive,rickettsia_tests
Abbot,2019,0%,0,0,0%,0,0,0%,0,0,0%,0,0,0%,0,0,0%,0,0
Acton,2019,0%,0,2,0%,0,2,50%,1,2,0%,0,0,0%,0,0,0%,0,0
Adamstown Twp,2019,0%,0,0,0%,0,0,0%,0,0,0%,0,0,0%,0,0,0%,0,0
Addison,2019,0%,0,0,0%,0,0,0%,0,0,0%,0,0,0%,0,0,0%,0,0
Albany Twp,2019,0%,0,0,0%,0,0,0%,0,0,0%,0,0,0%,0,0,0%,0,0
Albion,2019,0%,0,1,0%,0,1,0%,0,1,0%,0,0,0%,0,0,0%,0,0
Alder Brook Twp,2019,0%,0,0,0%,0,0,0%,0,0,0%,0,0,0%,0,0,0%,0,0
Alder Stream Twp,2019,0%,0,0,0%,0,0,0%,0,0,0%,0,0,0%,0,0,0%,0,0
Alexander,2019,0%,0,0,0%,0,0,0%,0,0,0%,0,0,0%,0,0,0%,0,0
Alfred,2019,50%,1,2,50%,1,2,0%,0,2,0%,0,0,0%,0,0,0%,0,0
Allagash,2019,0%,0,0,0%,0,0,0%,0,0,0%,0,0,0%,0,0,0%,0,0
Alna,2019,50%,4,8,0%,0,8,12.50%,1,8,0%,0,0,0%,0,0,0%,0,0
Alton,2019,25%,1,4,0%,0,4,0%,0,4,0%,0,0,0%,0,0,0%,0,0
Amherst,2019,0%,0,0,0%,0,0,0%,0,0,0%,0,0,0%,0,0,0%,0,0
Amity,2019,0%,0,0,0%,0,0,0%,0,0,0%,0,0,0%,0,0,0%,0,0
Andover,2019,0%,0,0,0%,0,0,0%,0,0,0%,0,0,0%,0,0,0%,0,0
Andover North Surplus Twp,2019,0%,0,0,0%,0,0,0%,0,0,0%,0,0,0%,0,0,0%,0,0
Andover West Surplus Twp,2019,0%,0,0,0%,0,0,0%,0,0,0%,0,0,0%,0,0,0%,0,0
Anson,2019,0%,0,0,0%,0,0,0%,0,0,0%,0,0,0%,0,0,0%,0,0
Appleton,2019,57.10%,8,14,7.10%,1,14,0%,0,14,0%,0,0,0%,0,0,0%,0,0
Appleton Twp,2019,0%,0,0,0%,0,0,0%,0,0,0%,0,0,0%,0,0,0%,0,0
Argyle Twp,2019,0%,0,0,0%,0,0,0%,0,0,0%,0,0,0%,0,0,0%,0,0
Arrowsic,2019,0%,0,3,0%,0,3,0%,0,3,0%,0,0,0%,0,0,0%,0,0
Arundel,2019,0%,0,2,0%,0,2,0%,0,2,0%,0,0,0%,0,0,0%,0,0
Ashland,2019,0%,0,0,0%,0,0,0%,0,0,0%,0,0,0%,0,0,0%,0,0
Athens,2019,0%,0,0,0%,0,0,0%,0,0,0%,0,0,0%,0,0,0%,0,0
Atkinson Twp,2019,0%,0,0,0%,0,0,0%,0,0,0%,0,0,0%,0,0,0%,0,0
Attean Twp,2019,0%,0,0,0%,0,0,0%,0,0,0%,0,0,0%,0,0,0%,0,0
Auburn,2019,33.30%,4,12,16.70%,2,12,8.30%,1,12,0%,0,0,0%,0,0,0%,0,0
Augusta,2019,50%,4,8,0%,0,8,12.50%,1,8,0%,0,0,0%,0,0,0%,0,0
Aurora,2019,0%,0,0,0%,0,0,0%,0,0,0%,0,0,0%,0,0,0%,0,0
Avon,2019,0%,0,0,0%,0,0,0%,0,0,0%,0,0,0%,0,0,0%,0,0
Baileyville,2019,0%,0,0,0%,0,0,0%,0,0,0%,0,0,0%,0,0,0%,0,0
Bald Mountain Twp T2 R3,2019,0%,0,0,0%,0,0,0%,0,0,0%,0,0,0%,0,0,0%,0,0
Bald Mountain Twp T4 R3,2019,0%,0,0,0%,0,0,0%,0,0,0%,0,0,0%,0,0,0%,0,0
Baldwin,2019,0%,0,4,0%,0,4,0%,0,4,0%,0,0,0%,0,0,0%,0,0
Bancroft Twp,2019,0%,0,0,0%,0,0,0%,0,0,0%,0,0,0%,0,0,0%,0,0
Bangor,2019,29.40%,5,17,0%,0,17,0%,0,17,0%,0,0,0%,0,0,0%,0,0
Bar Harbor,2019,35.90%,28,78,7.70%,6,78,9%,7,78,0%,0,0,0%,0,0,0%,0,0
Baring Plt,2019,100%,1,1,0%,0,1,0%,0,1,0%,0,0,0%,0,0,0%,0,0
Barnard Twp,2019,0%,0,0,0%,0,0,0%,0,0,0%,0,0,0%,0,0,0%,0,0
Batchelders Grant Twp,2019,0%,0,0,0%,0,0,0%,0,0,0%,0,0,0%,0,0,0%,0,0
Bath,2019,0%,0,4,0%,0,4,0%,0,4,0%,0,0,0%,0,0,0%,0,0
Beals,2019,0%,0,0,0%,0,0,0%,0,0,0%,0,0,0%,0,0,0%,0,0
Beattie Twp,2019,0%,0,0,0%,0,0,0%,0,0,0%,0,0,0%,0,0,0%,0,0
Beaver Cove,2019,0%,0,0,0%,0,0,0%,0,0,0%,0,0,0%,0,0,0%,0,0
Beddington,2019,0%,0,0,0%,0,0,0%,0,0,0%,0,0,0%,0,0,0%,0,0
Belfast,2019,50%,6,12,8.30%,1,12,8.30%,1,12,0%,0,0,0%,0,0,0%,0,0
Belgrade,2019,42.90%,3,7,28.60%,2,7,0%,0,7,0%,0,0,0%,0,0,0%,0,0
Belmont,2019,25%,1,4,0%,0,4,0%,0,4,0%,0,0,0%,0,0,0%,0,0
Benedicta Twp,2019,0%,0,0,0%,0,0,0%,0,0,0%,0,0,0%,0,0,0%,0,0
Benton,2019,0%,0,2,0%,0,2,0%,0,2,0%,0,0,0%,0,0,0%,0,0
Berry Twp,2019,0%,0,0,0%,0,0,0%,0,0,0%,0,0,0%,0,0,0%,0,0
Berwick,2019,33.30%,2,6,0%,0,6,0%,0,6,0%,0,0,0%,0,0,0%,0,0
Bethel,2019,100%,1,1,0%,0,1,0%,0,1,0%,0,0,0%,0,0,0%,0,0
Biddeford,2019,20%,1,5,0%,0,5,0%,0,5,0%,0,0,0%,0,0,0%,0,0
Big Lake Twp,2019,0%,0,0,0%,0,0,0%,0,0,0%,0,0,0%,0,0,0%,0,0
Big Moose Twp,2019,0%,0,0,0%,0,0,0%,0,0,0%,0,0,0%,0,0,0%,0,0
Big Six Twp,2019,0%,0,0,0%,0,0,0%,0,0,0%,0,0,0%,0,0,0%,0,0
Big Ten Twp,2019,0%,0,0,0%,0,0,0%,0,0,0%,0,0,0%,0,0,0%,0,0
Big Twenty Twp,2019,0%,0,0,0%,0,0,0%,0,0,0%,0,0,0%,0,0,0%,0,0
Big W Twp,2019,0%,0,0,0%,0,0,0%,0,0,0%,0,0,0%,0,0,0%,0,0
Bigelow Twp,2019,0%,0,0,0%,0,0,0%,0,0,0%,0,0,0%,0,0,0%,0,0
Bingham,2019,0%,0,0,0%,0,0,0%,0,0,0%,0,0,0%,0,0,0%,0,0
Blaine,2019,0%,0,0,0%,0,0,0%,0,0,0%,0,0,0%,0,0,0%,0,0
Blake Gore,2019,0%,0,0,0%,0,0,0%,0,0,0%,0,0,0%,0,0,0%,0,0
Blanchard Twp,2019,0%,0,0,0%,0,0,0%,0,0,0%,0,0,0%,0,0,0%,0,0
Blue Hill,2019,48.30%,14,29,6.90%,2,29,0%,0,29,0%,0,0,0%,0,0,0%,0,0
Boothbay,2019,51.40%,18,35,0%,0,35,0%,0,35,0%,0,0,0%,0,0,0%,0,0
Boothbay Harbor,2019,33.30%,6,18,0%,0,18,5.60%,1,18,0%,0,0,0%,0,0,0%,0,0
Bowdoin,2019,100%,3,3,0%,0,3,0%,0,3,0%,0,0,0%,0,0,0%,0,0
Bowdoin College Grant East Twp,2019,0%,0,0,0%,0,0,0%,0,0,0%,0,0,0%,0,0,0%,0,0
Bowdoin College Grant West Twp,2019,0%,0,0,0%,0,0,0%,0,0,0%,0,0,0%,0,0,0%,0,0
Bowdoinham,2019,50%,1,2,0%,0,2,50%,1,2,0%,0,0,0%,0,0,0%,0,0
Bowerbank,2019,0%,0,0,0%,0,0,0%,0,0,0%,0,0,0%,0,0,0%,0,0
Bowmantown Twp,2019,0%,0,0,0%,0,0,0%,0,0,0%,0,0,0%,0,0,0%,0,0
Bowtown Twp,2019,0%,0,0,0%,0,0,0%,0,0,0%,0,0,0%,0,0,0%,0,0
Bradford,2019,0%,0,0,0%,0,0,0%,0,0,0%,0,0,0%,0,0,0%,0,0
Bradley,2019,100%,2,2,0%,0,2,0%,0,2,0%,0,0,0%,0,0,0%,0,0
Bradstreet Twp,2019,0%,0,0,0%,0,0,0%,0,0,0%,0,0,0%,0,0,0%,0,0
Brassua Twp,2019,0%,0,0,0%,0,0,0%,0,0,0%,0,0,0%,0,0,0%,0,0
Bremen,2019,50%,2,4,0%,0,4,0%,0,4,0%,0,0,0%,0,0,0%,0,0
Brewer,2019,20%,1,5,0%,0,5,0%,0,5,0%,0,0,0%,0,0,0%,0,0
Bridgewater,2019,0%,0,0,0%,0,0,0%,0,0,0%,0,0,0%,0,0,0%,0,0
Bridgton,2019,30.80%,8,26,30.80%,8,26,0%,0,26,0%,0,0,0%,0,0,0%,0,0
Brighton Plt,2019,0%,0,0,0%,0,0,0%,0,0,0%,0,0,0%,0,0,0%,0,0
Bristol,2019,50%,13,26,11.50%,3,26,15.40%,4,26,0%,0,0,0%,0,0,0%,0,0
Brooklin,2019,0%,0,8,12.50%,1,8,0%,0,8,0%,0,0,0%,0,0,0%,0,0
Brooks,2019,100%,2,2,0%,0,2,0%,0,2,0%,0,0,0%,0,0,0%,0,0
Brooksville,2019,26.70%,4,15,6.70%,1,15,0%,0,15,0%,0,0,0%,0,0,0%,0,0
Brookton Twp,2019,0%,0,0,0%,0,0,0%,0,0,0%,0,0,0%,0,0,0%,0,0
Brownfield,2019,28.60%,2,7,0%,0,7,0%,0,7,0%,0,0,0%,0,0,0%,0,0
Brownville,2019,0%,0,0,0%,0,0,0%,0,0,0%,0,0,0%,0,0,0%,0,0
Brunswick,2019,42.30%,11,26,15.40%,4,26,11.50%,3,26,0%,0,0,0%,0,0,0%,0,0
Buckfield,2019,100%,1,1,0%,0,1,0%,0,1,0%,0,0,0%,0,0,0%,0,0
Bucksport,2019,37.50%,3,8,37.50%,3,8,12.50%,1,8,0%,0,0,0%,0,0,0%,0,0
Burlington,2019,0%,0,1,0%,0,1,0%,0,1,0%,0,0,0%,0,0,0%,0,0
Burnham,2019,0%,0,0,0%,0,0,0%,0,0,0%,0,0,0%,0,0,0%,0,0
Buxton,2019,33.30%,3,9,0%,0,9,11.10%,1,9,0%,0,0,0%,0,0,0%,0,0
Byron,2019,0%,0,0,0%,0,0,0%,0,0,0%,0,0,0%,0,0,0%,0,0
C Surplus,2019,0%,0,0,0%,0,0,0%,0,0,0%,0,0,0%,0,0,0%,0,0
Calais,2019,83.30%,5,6,16.70%,1,6,16.70%,1,6,0%,0,0,0%,0,0,0%,0,0
Cambridge,2019,0%,0,0,0%,0,0,0%,0,0,0%,0,0,0%,0,0,0%,0,0
Camden,2019,53.30%,8,15,13.30%,2,15,26.70%,4,15,0%,0,0,0%,0,0,0%,0,0
Canaan,2019,0%,0,2,0%,0,2,0%,0,2,0%,0,0,0%,0,0,0%,0,0
Canton,2019,0%,0,0,0%,0,0,0%,0,0,0%,0,0,0%,0,0,0%,0,0
Cape Elizabeth,2019,20%,4,20,10%,2,20,15%,3,20,0%,0,0,0%,0,0,0%,0,0
Caratunk,2019,0%,0,1,0%,0,1,0%,0,1,0%,0,0,0%,0,0,0%,0,0
Caribou,2019,0%,0,0,0%,0,0,0%,0,0,0%,0,0,0%,0,0,0%,0,0
Carmel,2019,100%,2,2,0%,0,2,0%,0,2,0%,0,0,0%,0,0,0%,0,0
Carrabassett Valley,2019,0%,0,0,0%,0,0,0%,0,0,0%,0,0,0%,0,0,0%,0,0
Carroll Plt,2019,0%,0,1,0%,0,1,0%,0,1,0%,0,0,0%,0,0,0%,0,0
Carrying Place Town Twp,2019,0%,0,0,0%,0,0,0%,0,0,0%,0,0,0%,0,0,0%,0,0
Carrying Place Twp,2019,0%,0,0,0%,0,0,0%,0,0,0%,0,0,0%,0,0,0%,0,0
Carthage,2019,0%,0,0,0%,0,0,0%,0,0,0%,0,0,0%,0,0,0%,0,0
Cary Twp,2019,0%,0,0,0%,0,0,0%,0,0,0%,0,0,0%,0,0,0%,0,0
Casco,2019,25%,1,4,25%,1,4,0%,0,4,0%,0,0,0%,0,0,0%,0,0
Castine,2019,33.30%,1,3,0%,0,3,0%,0,3,0%,0,0,0%,0,0,0%,0,0
Castle Hill,2019,0%,0,0,0%,0,0,0%,0,0,0%,0,0,0%,0,0,0%,0,0
Caswell,2019,0%,0,0,0%,0,0,0%,0,0,0%,0,0,0%,0,0,0%,0,0
Cathance Twp,2019,0%,0,0,0%,0,0,0%,0,0,0%,0,0,0%,0,0,0%,0,0
Cedar Lake Twp,2019,0%,0,0,0%,0,0,0%,0,0,0%,0,0,0%,0,0,0%,0,0
Centerville Twp,2019,0%,0,0,0%,0,0,0%,0,0,0%,0,0,0%,0,0,0%,0,0
Chain of Ponds Twp,2019,0%,0,0,0%,0,0,0%,0,0,0%,0,0,0%,0,0,0%,0,0
Chapman,2019,0%,0,0,0%,0,0,0%,0,0,0%,0,0,0%,0,0,0%,0,0
Charleston,2019,25%,1,4,0%,0,4,25%,1,4,0%,0,0,0%,0,0,0%,0,0
Charlotte,2019,0%,0,0,0%,0,0,0%,0,0,0%,0,0,0%,0,0,0%,0,0
Chase Stream Twp,2019,0%,0,0,0%,0,0,0%,0,0,0%,0,0,0%,0,0,0%,0,0
Chebeague Island,2019,0%,0,6,0%,0,6,16.70%,1,6,0%,0,0,0%,0,0,0%,0,0
Chelsea,2019,100%,1,1,0%,0,1,0%,0,1,0%,0,0,0%,0,0,0%,0,0
Cherryfield,2019,20%,1,5,40%,2,5,0%,0,5,0%,0,0,0%,0,0,0%,0,0
Chester,2019,100%,1,1,0%,0,1,0%,0,1,0%,0,0,0%,0,0,0%,0,0
Chesterville,2019,33.30%,1,3,0%,0,3,0%,0,3,0%,0,0,0%,0,0,0%,0,0
Chesuncook Twp,2019,0%,0,0,0%,0,0,0%,0,0,0%,0,0,0%,0,0,0%,0,0
China,2019,0%,0,1,0%,0,1,0%,0,1,0%,0,0,0%,0,0,0%,0,0
Clayton Lake Twp,2019,0%,0,0,0%,0,0,0%,0,0,0%,0,0,0%,0,0,0%,0,0
Clifton,2019,33.30%,1,3,33.30%,1,3,0%,0,3,0%,0,0,0%,0,0,0%,0,0
Clinton,2019,100%,1,1,0%,0,1,0%,0,1,0%,0,0,0%,0,0,0%,0,0
Coburn Gore,2019,0%,0,0,0%,0,0,0%,0,0,0%,0,0,0%,0,0,0%,0,0
Codyville Twp,2019,0%,0,0,0%,0,0,0%,0,0,0%,0,0,0%,0,0,0%,0,0
Columbia,2019,0%,0,0,0%,0,0,0%,0,0,0%,0,0,0%,0,0,0%,0,0
Columbia Falls,2019,0%,0,1,0%,0,1,0%,0,1,0%,0,0,0%,0,0,0%,0,0
Comstock Twp,2019,0%,0,0,0%,0,0,0%,0,0,0%,0,0,0%,0,0,0%,0,0
Concord Twp,2019,0%,0,0,0%,0,0,0%,0,0,0%,0,0,0%,0,0,0%,0,0
Connor Twp,2019,0%,0,0,0%,0,0,0%,0,0,0%,0,0,0%,0,0,0%,0,0
Cooper,2019,0%,0,0,0%,0,0,0%,0,0,0%,0,0,0%,0,0,0%,0,0
Coplin Plt,2019,0%,0,0,0%,0,0,0%,0,0,0%,0,0,0%,0,0,0%,0,0
Corinna,2019,100%,1,1,0%,0,1,0%,0,1,0%,0,0,0%,0,0,0%,0,0
Corinth,2019,25%,1,4,0%,0,4,0%,0,4,0%,0,0,0%,0,0,0%,0,0
Cornish,2019,0%,0,1,0%,0,1,0%,0,1,0%,0,0,0%,0,0,0%,0,0
Cornville,2019,100%,2,2,0%,0,2,0%,0,2,0%,0,0,0%,0,0,0%,0,0
Cove Point Twp,2019,0%,0,0,0%,0,0,0%,0,0,0%,0,0,0%,0,0,0%,0,0
Cox Patent,2019,0%,0,0,0%,0,0,0%,0,0,0%,0,0,0%,0,0,0%,0,0
Cranberry Isles,2019,0%,0,1,0%,0,1,0%,0,1,0%,0,0,0%,0,0,0%,0,0
Crawford,2019,0%,0,1,0%,0,1,0%,0,1,0%,0,0,0%,0,0,0%,0,0
Criehaven Twp,2019,0%,0,0,0%,0,0,0%,0,0,0%,0,0,0%,0,0,0%,0,0
Cross Lake Twp,2019,0%,0,0,0%,0,0,0%,0,0,0%,0,0,0%,0,0,0%,0,0
Crystal,2019,0%,0,0,0%,0,0,0%,0,0,0%,0,0,0%,0,0,0%,0,0
Cumberland,2019,42.90%,6,14,7.10%,1,14,7.10%,1,14,0%,0,0,0%,0,0,0%,0,0
Cushing,2019,25%,1,4,0%,0,4,0%,0,4,0%,0,0,0%,0,0,0%,0,0
Cutler,2019,0%,0,1,0%,0,1,0%,0,1,0%,0,0,0%,0,0,0%,0,0
Cyr Plt,2019,0%,0,0,0%,0,0,0%,0,0,0%,0,0,0%,0,0,0%,0,0
Dallas Plt,2019,0%,0,0,0%,0,0,0%,0,0,0%,0,0,0%,0,0,0%,0,0
Damariscotta,2019,54.50%,6,11,18.20%,2,11,0%,0,11,0%,0,0,0%,0,0,0%,0,0
Danforth,2019,0%,0,1,0%,0,1,100%,1,1,0%,0,0,0%,0,0,0%,0,0
Davis Twp,2019,0%,0,0,0%,0,0,0%,0,0,0%,0,0,0%,0,0,0%,0,0
Day Block Twp,2019,0%,0,0,0%,0,0,0%,0,0,0%,0,0,0%,0,0,0%,0,0
Days Academy Grant Twp,2019,0%,0,0,0%,0,0,0%,0,0,0%,0,0,0%,0,0,0%,0,0
Dayton,2019,100%,1,1,100%,1,1,0%,0,1,0%,0,0,0%,0,0,0%,0,0
Dead River Twp,2019,0%,0,0,0%,0,0,0%,0,0,0%,0,0,0%,0,0,0%,0,0
Deblois,2019,0%,0,0,0%,0,0,0%,0,0,0%,0,0,0%,0,0,0%,0,0
Dedham,2019,50%,2,4,0%,0,4,0%,0,4,0%,0,0,0%,0,0,0%,0,0
Deer Isle,2019,50%,7,14,0%,0,14,0%,0,14,0%,0,0,0%,0,0,0%,0,0
Denmark,2019,0%,0,3,0%,0,3,0%,0,3,0%,0,0,0%,0,0,0%,0,0
Dennistown Plt,2019,0%,0,0,0%,0,0,0%,0,0,0%,0,0,0%,0,0,0%,0,0
Dennysville,2019,0%,0,0,0%,0,0,0%,0,0,0%,0,0,0%,0,0,0%,0,0
Detroit,2019,0%,0,0,0%,0,0,0%,0,0,0%,0,0,0%,0,0,0%,0,0
Devereaux Twp,2019,0%,0,0,0%,0,0,0%,0,0,0%,0,0,0%,0,0,0%,0,0
Dexter,2019,20%,1,5,0%,0,5,0%,0,5,0%,0,0,0%,0,0,0%,0,0
Dixfield,2019,0%,0,0,0%,0,0,0%,0,0,0%,0,0,0%,0,0,0%,0,0
Dixmont,2019,20%,1,5,20%,1,5,0%,0,5,0%,0,0,0%,0,0,0%,0,0
Dole Brook Twp,2019,0%,0,0,0%,0,0,0%,0,0,0%,0,0,0%,0,0,0%,0,0
Dover-Foxcroft,2019,45.50%,5,11,0%,0,11,0%,0,11,0%,0,0,0%,0,0,0%,0,0
Dresden,2019,0%,0,0,0%,0,0,0%,0,0,0%,0,0,0%,0,0,0%,0,0
Drew Plt,2019,0%,0,0,0%,0,0,0%,0,0,0%,0,0,0%,0,0,0%,0,0
Dudley Twp,2019,0%,0,0,0%,0,0,0%,0,0,0%,0,0,0%,0,0,0%,0,0
Durham,2019,37.50%,3,8,0%,0,8,0%,0,8,0%,0,0,0%,0,0,0%,0,0
Dyer Brook,2019,0%,0,0,0%,0,0,0%,0,0,0%,0,0,0%,0,0,0%,0,0
Dyer Twp,2019,0%,0,0,0%,0,0,0%,0,0,0%,0,0,0%,0,0,0%,0,0
E Twp,2019,0%,0,0,0%,0,0,0%,0,0,0%,0,0,0%,0,0,0%,0,0
Eagle Lake,2019,0%,0,0,0%,0,0,0%,0,0,0%,0,0,0%,0,0,0%,0,0
Eagle Lake Twp,2019,0%,0,0,0%,0,0,0%,0,0,0%,0,0,0%,0,0,0%,0,0
East Machias,2019,50%,1,2,0%,0,2,0%,0,2,0%,0,0,0%,0,0,0%,0,0
East Middlesex Canal Grant Twp,2019,0%,0,0,0%,0,0,0%,0,0,0%,0,0,0%,0,0,0%,0,0
East Millinocket,2019,0%,0,0,0%,0,0,0%,0,0,0%,0,0,0%,0,0,0%,0,0
East Moxie Twp,2019,0%,0,0,0%,0,0,0%,0,0,0%,0,0,0%,0,0,0%,0,0
Eastbrook,2019,0%,0,0,0%,0,0,0%,0,0,0%,0,0,0%,0,0,0%,0,0
Easton,2019,0%,0,1,0%,0,1,0%,0,1,0%,0,0,0%,0,0,0%,0,0
Eastport,2019,0%,0,0,0%,0,0,0%,0,0,0%,0,0,0%,0,0,0%,0,0
Ebeemee Twp,2019,0%,0,0,0%,0,0,0%,0,0,0%,0,0,0%,0,0,0%,0,0
Eddington,2019,20%,1,5,0%,0,5,0%,0,5,0%,0,0,0%,0,0,0%,0,0
Edgecomb,2019,15.40%,2,13,15.40%,2,13,0%,0,13,0%,0,0,0%,0,0,0%,0,0
Edinburg,2019,0%,0,1,0%,0,1,0%,0,1,0%,0,0,0%,0,0,0%,0,0
Edmunds Twp,2019,0%,0,0,0%,0,0,0%,0,0,0%,0,0,0%,0,0,0%,0,0
Eliot,2019,33.30%,1,3,0%,0,3,0%,0,3,0%,0,0,0%,0,0,0%,0,0
Elliottsville Twp,2019,0%,0,0,0%,0,0,0%,0,0,0%,0,0,0%,0,0,0%,0,0
Ellsworth,2019,30%,3,10,0%,0,10,0%,0,10,0%,0,0,0%,0,0,0%,0,0
Elm Stream Twp,2019,0%,0,0,0%,0,0,0%,0,0,0%,0,0,0%,0,0,0%,0,0
Embden,2019,66.70%,2,3,33.30%,1,3,0%,0,3,0%,0,0,0%,0,0,0%,0,0
Enfield,2019,0%,0,0,0%,0,0,0%,0,0,0%,0,0,0%,0,0,0%,0,0
Etna,2019,0%,0,2,0%,0,2,0%,0,2,0%,0,0,0%,0,0,0%,0,0
Eustis,2019,0%,0,0,0%,0,0,0%,0,0,0%,0,0,0%,0,0,0%,0,0
Exeter,2019,0%,0,1,0%,0,1,0%,0,1,0%,0,0,0%,0,0,0%,0,0
Fairfield,2019,100%,2,2,0%,0,2,0%,0,2,0%,0,0,0%,0,0,0%,0,0
Falmouth,2019,37.50%,9,24,0%,0,24,8.30%,2,24,0%,0,0,0%,0,0,0%,0,0
Farmingdale,2019,50%,2,4,0%,0,4,0%,0,4,0%,0,0,0%,0,0,0%,0,0
Farmington,2019,50%,3,6,16.70%,1,6,0%,0,6,0%,0,0,0%,0,0,0%,0,0
Fayette,2019,50%,1,2,0%,0,2,0%,0,2,0%,0,0,0%,0,0,0%,0,0
Flagstaff Twp,2019,0%,0,0,0%,0,0,0%,0,0,0%,0,0,0%,0,0,0%,0,0
Fletchers Landing Twp,2019,0%,0,0,0%,0,0,0%,0,0,0%,0,0,0%,0,0,0%,0,0
Forest City Twp,2019,0%,0,0,0%,0,0,0%,0,0,0%,0,0,0%,0,0,0%,0,0
Forest Twp,2019,0%,0,0,0%,0,0,0%,0,0,0%,0,0,0%,0,0,0%,0,0
Forkstown Twp,2019,0%,0,0,0%,0,0,0%,0,0,0%,0,0,0%,0,0,0%,0,0
Forsyth Twp,2019,0%,0,0,0%,0,0,0%,0,0,0%,0,0,0%,0,0,0%,0,0
Fort Fairfield,2019,0%,0,1,0%,0,1,0%,0,1,0%,0,0,0%,0,0,0%,0,0
Fort Kent,2019,0%,0,0,0%,0,0,0%,0,0,0%,0,0,0%,0,0,0%,0,0
Fowler Twp,2019,0%,0,0,0%,0,0,0%,0,0,0%,0,0,0%,0,0,0%,0,0
Frankfort,2019,0%,0,0,0%,0,0,0%,0,0,0%,0,0,0%,0,0,0%,0,0
Franklin,2019,0%,0,1,0%,0,1,0%,0,1,0%,0,0,0%,0,0,0%,0,0
Freedom,2019,0%,0,2,50%,1,2,0%,0,2,0%,0,0,0%,0,0,0%,0,0
Freeman Twp,2019,0%,0,0,0%,0,0,0%,0,0,0%,0,0,0%,0,0,0%,0,0
Freeport,2019,50%,13,26,11.50%,3,26,3.80%,1,26,0%,0,0,0%,0,0,0%,0,0
Frenchboro,2019,0%,0,0,0%,0,0,0%,0,0,0%,0,0,0%,0,0,0%,0,0
Frenchtown Twp,2019,0%,0,0,0%,0,0,0%,0,0,0%,0,0,0%,0,0,0%,0,0
Frenchville,2019,0%,0,0,0%,0,0,0%,0,0,0%,0,0,0%,0,0,0%,0,0
Friendship,2019,0%,0,1,0%,0,1,0%,0,1,0%,0,0,0%,0,0,0%,0,0
Frye Island,2019,0%,0,0,0%,0,0,0%,0,0,0%,0,0,0%,0,0,0%,0,0
Fryeburg,2019,66.70%,2,3,66.70%,2,3,0%,0,3,0%,0,0,0%,0,0,0%,0,0
Gardiner,2019,20%,1,5,0%,0,5,0%,0,5,0%,0,0,0%,0,0,0%,0,0
Garfield Plt,2019,0%,0,0,0%,0,0,0%,0,0,0%,0,0,0%,0,0,0%,0,0
Garland,2019,100%,3,3,0%,0,3,0%,0,3,0%,0,0,0%,0,0,0%,0,0
Georgetown,2019,14.30%,1,7,0%,0,7,14.30%,1,7,0%,0,0,0%,0,0,0%,0,0
Gilead,2019,0%,0,0,0%,0,0,0%,0,0,0%,0,0,0%,0,0,0%,0,0
Glenburn,2019,12.50%,1,8,0%,0,8,0%,0,8,0%,0,0,0%,0,0,0%,0,0
Glenwood Plt,2019,0%,0,0,0%,0,0,0%,0,0,0%,0,0,0%,0,0,0%,0,0
Gorham,2019,38.50%,5,13,7.70%,1,13,30.80%,4,13,0%,0,0,0%,0,0,0%,0,0
Gorham Gore,2019,0%,0,0,0%,0,0,0%,0,0,0%,0,0,0%,0,0,0%,0,0
Gouldsboro,2019,0%,0,0,0%,0,0,0%,0,0,0%,0,0,0%,0,0,0%,0,0
Grafton Twp,2019,0%,0,0,0%,0,0,0%,0,0,0%,0,0,0%,0,0,0%,0,0
Grand Falls Twp,2019,0%,0,0,0%,0,0,0%,0,0,0%,0,0,0%,0,0,0%,0,0
Grand Isle,2019,0%,0,0,0%,0,0,0%,0,0,0%,0,0,0%,0,0,0%,0,0
Grand Lake Stream Plt,2019,0%,0,1,0%,0,1,0%,0,1,0%,0,0,0%,0,0,0%,0,0
Gray,2019,30.80%,4,13,0%,0,13,7.70%,1,13,0%,0,0,0%,0,0,0%,0,0
Great Pond,2019,100%,1,1,0%,0,1,0%,0,1,0%,0,0,0%,0,0,0%,0,0
Greenbush,2019,0%,0,1,0%,0,1,0%,0,1,0%,0,0,0%,0,0,0%,0,0
Greene,2019,66.70%,2,3,0%,0,3,66.70%,2,3,0%,0,0,0%,0,0,0%,0,0
Greenfield Twp,2019,0%,0,0,0%,0,0,0%,0,0,0%,0,0,0%,0,0,0%,0,0
Greenlaw Chopping Twp,2019,0%,0,0,0%,0,0,0%,0,0,0%,0,0,0%,0,0,0%,0,0
Greenville,2019,0%,0,1,0%,0,1,0%,0,1,0%,0,0,0%,0,0,0%,0,0
Greenwood,2019,0%,0,0,0%,0,0,0%,0,0,0%,0,0,0%,0,0,0%,0,0
Grindstone Twp,2019,0%,0,0,0%,0,0,0%,0,0,0%,0,0,0%,0,0,0%,0,0
Guilford,2019,0%,0,0,0%,0,0,0%,0,0,0%,0,0,0%,0,0,0%,0,0
Hallowell,2019,50%,2,4,25%,1,4,0%,0,4,0%,0,0,0%,0,0,0%,0,0
Hamlin,2019,0%,0,0,0%,0,0,0%,0,0,0%,0,0,0%,0,0,0%,0,0
Hammond,2019,0%,0,0,0%,0,0,0%,0,0,0%,0,0,0%,0,0,0%,0,0
Hammond Twp,2019,0%,0,0,0%,0,0,0%,0,0,0%,0,0,0%,0,0,0%,0,0
Hampden,2019,50%,6,12,8.30%,1,12,0%,0,12,0%,0,0,0%,0,0,0%,0,0
Hancock,2019,33.30%,3,9,0%,0,9,0%,0,9,0%,0,0,0%,0,0,0%,0,0
Hanover,2019,0%,0,0,0%,0,0,0%,0,0,0%,0,0,0%,0,0,0%,0,0
Harfords Point Twp,2019,0%,0,0,0%,0,0,0%,0,0,0%,0,0,0%,0,0,0%,0,0
Harmony,2019,0%,0,0,0%,0,0,0%,0,0,0%,0,0,0%,0,0,0%,0,0
Harpswell,2019,41.20%,7,17,17.60%,3,17,5.90%,1,17,0%,0,0,0%,0,0,0%,0,0
Harrington,2019,100%,2,2,0%,0,2,0%,0,2,0%,0,0,0%,0,0,0%,0,0
Harrison,2019,0%,0,1,0%,0,1,0%,0,1,0%,0,0,0%,0,0,0%,0,0
Hartford,2019,33.30%,1,3,0%,0,3,0%,0,3,0%,0,0,0%,0,0,0%,0,0
Hartland,2019,0%,0,1,0%,0,1,0%,0,1,0%,0,0,0%,0,0,0%,0,0
Haynesville,2019,0%,0,0,0%,0,0,0%,0,0,0%,0,0,0%,0,0,0%,0,0
Hebron,2019,0%,0,1,0%,0,1,0%,0,1,0%,0,0,0%,0,0,0%,0,0
Hermon,2019,16.70%,1,6,0%,0,6,0%,0,6,0%,0,0,0%,0,0,0%,0,0
Hersey,2019,0%,0,0,0%,0,0,0%,0,0,0%,0,0,0%,0,0,0%,0,0
Herseytown Twp,2019,0%,0,0,0%,0,0,0%,0,0,0%,0,0,0%,0,0,0%,0,0
Hibberts Gore,2019,0%,0,0,0%,0,0,0%,0,0,0%,0,0,0%,0,0,0%,0,0
Highland Plt,2019,0%,0,0,0%,0,0,0%,0,0,0%,0,0,0%,0,0,0%,0,0
Hiram,2019,50%,1,2,50%,1,2,0%,0,2,0%,0,0,0%,0,0,0%,0,0
Hobbstown Twp,2019,0%,0,0,0%,0,0,0%,0,0,0%,0,0,0%,0,0,0%,0,0
Hodgdon,2019,0%,0,0,0%,0,0,0%,0,0,0%,0,0,0%,0,0,0%,0,0
Holden,2019,45.50%,5,11,0%,0,11,0%,0,11,0%,0,0,0%,0,0,0%,0,0
Holeb Twp,2019,0%,0,0,0%,0,0,0%,0,0,0%,0,0,0%,0,0,0%,0,0
Hollis,2019,0%,0,3,0%,0,3,0%,0,3,0%,0,0,0%,0,0,0%,0,0
Hope,2019,57.10%,4,7,0%,0,7,0%,0,7,0%,0,0,0%,0,0,0%,0,0
Hopkins Academy Grant Twp,2019,0%,0,0,0%,0,0,0%,0,0,0%,0,0,0%,0,0,0%,0,0
Houlton,2019,0%,0,0,0%,0,0,0%,0,0,0%,0,0,0%,0,0,0%,0,0
Howland,2019,0%,0,0,0%,0,0,0%,0,0,0%,0,0,0%,0,0,0%,0,0
Hudson,2019,0%,0,0,0%,0,0,0%,0,0,0%,0,0,0%,0,0,0%,0,0
Indian Island,2019,0%,0,0,0%,0,0,0%,0,0,0%,0,0,0%,0,0,0%,0,0
Indian Stream Twp,2019,0%,0,0,0%,0,0,0%,0,0,0%,0,0,0%,0,0,0%,0,0
Indian Twp Res,2019,0%,0,0,0%,0,0,0%,0,0,0%,0,0,0%,0,0,0%,0,0
Industry,2019,66.70%,2,3,0%,0,3,0%,0,3,0%,0,0,0%,0,0,0%,0,0
Island Falls,2019,0%,0,0,0%,0,0,0%,0,0,0%,0,0,0%,0,0,0%,0,0
Isle au Haut,2019,0%,0,1,0%,0,1,0%,0,1,0%,0,0,0%,0,0,0%,0,0
Islesboro,2019,100%,1,1,0%,0,1,0%,0,1,0%,0,0,0%,0,0,0%,0,0
Jackman,2019,0%,0,0,0%,0,0,0%,0,0,0%,0,0,0%,0,0,0%,0,0
Jackson,2019,25%,1,4,0%,0,4,0%,0,4,0%,0,0,0%,0,0,0%,0,0
Jay,2019,50%,2,4,0%,0,4,0%,0,4,0%,0,0,0%,0,0,0%,0,0
Jefferson,2019,55.60%,10,18,5.60%,1,18,0%,0,18,0%,0,0,0%,0,0,0%,0,0
Jim Pond Twp,2019,0%,0,0,0%,0,0,0%,0,0,0%,0,0,0%,0,0,0%,0,0
Johnson Mountain Twp,2019,0%,0,0,0%,0,0,0%,0,0,0%,0,0,0%,0,0,0%,0,0
Jonesboro,2019,0%,0,1,0%,0,1,0%,0,1,0%,0,0,0%,0,0,0%,0,0
Jonesport,2019,0%,0,2,0%,0,2,0%,0,2,0%,0,0,0%,0,0,0%,0,0
Katahdin Iron Works Twp,2019,0%,0,0,0%,0,0,0%,0,0,0%,0,0,0%,0,0,0%,0,0
Kenduskeag,2019,0%,0,2,50%,1,2,0%,0,2,0%,0,0,0%,0,0,0%,0,0
Kennebunk,2019,20%,2,10,0%,0,10,10%,1,10,0%,0,0,0%,0,0,0%,0,0
Kennebunkport,2019,20%,1,5,0%,0,5,0%,0,5,0%,0,0,0%,0,0,0%,0,0
Kibby Twp,2019,0%,0,0,0%,0,0,0%,0,0,0%,0,0,0%,0,0,0%,0,0
Kineo Twp,2019,0%,0,0,0%,0,0,0%,0,0,0%,0,0,0%,0,0,0%,0,0
King & Bartlett Twp,2019,0%,0,0,0%,0,0,0%,0,0,0%,0,0,0%,0,0,0%,0,0
Kingfield,2019,100%,2,2,0%,0,2,0%,0,2,0%,0,0,0%,0,0,0%,0,0
Kingman Twp,2019,0%,0,0,0%,0,0,0%,0,0,0%,0,0,0%,0,0,0%,0,0
Kingsbury Plt,2019,0%,0,0,0%,0,0,0%,0,0,0%,0,0,0%,0,0,0%,0,0
Kittery,2019,42.90%,3,7,14.30%,1,7,0%,0,7,0%,0,0,0%,0,0,0%,0,0
Knox,2019,0%,0,1,0%,0,1,0%,0,1,0%,0,0,0%,0,0,0%,0,0
Kossuth Twp,2019,0%,0,0,0%,0,0,0%,0,0,0%,0,0,0%,0,0,0%,0,0
Lagrange,2019,0%,0,1,0%,0,1,0%,0,1,0%,0,0,0%,0,0,0%,0,0
Lake View Plt,2019,0%,0,0,0%,0,0,0%,0,0,0%,0,0,0%,0,0,0%,0,0
Lakeville,2019,0%,0,0,0%,0,0,0%,0,0,0%,0,0,0%,0,0,0%,0,0
Lambert Lake Twp,2019,0%,0,0,0%,0,0,0%,0,0,0%,0,0,0%,0,0,0%,0,0
Lamoine,2019,30.80%,4,13,38.50%,5,13,0%,0,13,0%,0,0,0%,0,0,0%,0,0
Lang Twp,2019,0%,0,0,0%,0,0,0%,0,0,0%,0,0,0%,0,0,0%,0,0
Lebanon,2019,100%,2,2,0%,0,2,0%,0,2,0%,0,0,0%,0,0,0%,0,0
Lee,2019,0%,0,0,0%,0,0,0%,0,0,0%,0,0,0%,0,0,0%,0,0
Leeds,2019,33.30%,1,3,33.30%,1,3,0%,0,3,0%,0,0,0%,0,0,0%,0,0
Levant,2019,44.40%,4,9,11.10%,1,9,0%,0,9,0%,0,0,0%,0,0,0%,0,0
Lewiston,2019,0%,0,3,0%,0,3,0%,0,3,0%,0,0,0%,0,0,0%,0,0
Lexington Twp,2019,0%,0,0,0%,0,0,0%,0,0,0%,0,0,0%,0,0,0%,0,0
Liberty,2019,37.50%,3,8,0%,0,8,0%,0,8,0%,0,0,0%,0,0,0%,0,0
Lily Bay Twp,2019,0%,0,0,0%,0,0,0%,0,0,0%,0,0,0%,0,0,0%,0,0
Limerick,2019,16.70%,1,6,50%,3,6,16.70%,1,6,0%,0,0,0%,0,0,0%,0,0
Limestone,2019,0%,0,0,0%,0,0,0%,0,0,0%,0,0,0%,0,0,0%,0,0
Limington,2019,100%,1,1,100%,1,1,0%,0,1,0%,0,0,0%,0,0,0%,0,0
Lincoln,2019,66.70%,4,6,0%,0,6,0%,0,6,0%,0,0,0%,0,0,0%,0,0
Lincoln Plt,2019,0%,0,0,0%,0,0,0%,0,0,0%,0,0,0%,0,0,0%,0,0
Lincolnville,2019,33.30%,4,12,0%,0,12,8.30%,1,12,0%,0,0,0%,0,0,0%,0,0
Linneus,2019,0%,0,0,0%,0,0,0%,0,0,0%,0,0,0%,0,0,0%,0,0
Lisbon,2019,66.70%,4,6,16.70%,1,6,16.70%,1,6,0%,0,0,0%,0,0,0%,0,0
Litchfield,2019,83.30%,5,6,16.70%,1,6,16.70%,1,6,0%,0,0,0%,0,0,0%,0,0
Little W Twp,2019,0%,0,0,0%,0,0,0%,0,0,0%,0,0,0%,0,0,0%,0,0
Littleton,2019,0%,0,0,0%,0,0,0%,0,0,0%,0,0,0%,0,0,0%,0,0
Livermore,2019,66.70%,2,3,0%,0,3,0%,0,3,0%,0,0,0%,0,0,0%,0,0
Livermore Falls,2019,0%,0,0,0%,0,0,0%,0,0,0%,0,0,0%,0,0,0%,0,0
Lobster Twp,2019,0%,0,0,0%,0,0,0%,0,0,0%,0,0,0%,0,0,0%,0,0
Long A Twp,2019,0%,0,0,0%,0,0,0%,0,0,0%,0,0,0%,0,0,0%,0,0
Long Island,2019,100%,1,1,0%,0,1,0%,0,1,0%,0,0,0%,0,0,0%,0,0
Long Pond Twp,2019,0%,0,0,0%,0,0,0%,0,0,0%,0,0,0%,0,0,0%,0,0
Lovell,2019,0%,0,1,0%,0,1,0%,0,1,0%,0,0,0%,0,0,0%,0,0
Lowell,2019,0%,0,1,0%,0,1,0%,0,1,0%,0,0,0%,0,0,0%,0,0
Lowelltown Twp,2019,0%,0,0,0%,0,0,0%,0,0,0%,0,0,0%,0,0,0%,0,0
Lower Cupsuptic Twp,2019,0%,0,0,0%,0,0,0%,0,0,0%,0,0,0%,0,0,0%,0,0
Lower Enchanted Twp,2019,0%,0,0,0%,0,0,0%,0,0,0%,0,0,0%,0,0,0%,0,0
Lubec,2019,0%,0,1,0%,0,1,0%,0,1,0%,0,0,0%,0,0,0%,0,0
Ludlow,2019,0%,0,0,0%,0,0,0%,0,0,0%,0,0,0%,0,0,0%,0,0
Lyman,2019,66.70%,2,3,0%,0,3,66.70%,2,3,0%,0,0,0%,0,0,0%,0,0
Lynchtown Twp,2019,0%,0,0,0%,0,0,0%,0,0,0%,0,0,0%,0,0,0%,0,0
Machias,2019,40%,2,5,20%,1,5,0%,0,5,0%,0,0,0%,0,0,0%,0,0
Machiasport,2019,33.30%,1,3,0%,0,3,0%,0,3,0%,0,0,0%,0,0,0%,0,0
Macwahoc Plt,2019,0%,0,0,0%,0,0,0%,0,0,0%,0,0,0%,0,0,0%,0,0
Madawaska,2019,0%,0,0,0%,0,0,0%,0,0,0%,0,0,0%,0,0,0%,0,0
Madawaska Lake Twp,2019,0%,0,0,0%,0,0,0%,0,0,0%,0,0,0%,0,0,0%,0,0
Madison,2019,0%,0,1,0%,0,1,0%,0,1,0%,0,0,0%,0,0,0%,0,0
Madrid Twp,2019,0%,0,0,0%,0,0,0%,0,0,0%,0,0,0%,0,0,0%,0,0
Magalloway Plt,2019,0%,0,0,0%,0,0,0%,0,0,0%,0,0,0%,0,0,0%,0,0
Manchester,2019,0%,0,1,0%,0,1,0%,0,1,0%,0,0,0%,0,0,0%,0,0
Mapleton,2019,0%,0,1,0%,0,1,0%,0,1,0%,0,0,0%,0,0,0%,0,0
Mariaville,2019,100%,1,1,0%,0,1,0%,0,1,0%,0,0,0%,0,0,0%,0,0
Marion Twp,2019,0%,0,0,0%,0,0,0%,0,0,0%,0,0,0%,0,0,0%,0,0
Mars Hill,2019,0%,0,0,0%,0,0,0%,0,0,0%,0,0,0%,0,0,0%,0,0
Marshfield,2019,100%,1,1,100%,1,1,0%,0,1,0%,0,0,0%,0,0,0%,0,0
Masardis,2019,0%,0,0,0%,0,0,0%,0,0,0%,0,0,0%,0,0,0%,0,0
Mason Twp,2019,0%,0,0,0%,0,0,0%,0,0,0%,0,0,0%,0,0,0%,0,0
Massachusetts Gore,2019,0%,0,0,0%,0,0,0%,0,0,0%,0,0,0%,0,0,0%,0,0
Matinicus Isle Plt,2019,0%,0,0,0%,0,0,0%,0,0,0%,0,0,0%,0,0,0%,0,0
Mattamiscontis Twp,2019,0%,0,0,0%,0,0,0%,0,0,0%,0,0,0%,0,0,0%,0,0
Mattawamkeag,2019,0%,0,1,0%,0,1,0%,0,1,0%,0,0,0%,0,0,0%,0,0
Maxfield,2019,0%,0,0,0%,0,0,0%,0,0,0%,0,0,0%,0,0,0%,0,0
Mayfield Twp,2019,0%,0,0,0%,0,0,0%,0,0,0%,0,0,0%,0,0,0%,0,0
Mechanic Falls,2019,50%,1,2,0%,0,2,50%,1,2,0%,0,0,0%,0,0,0%,0,0
Meddybemps,2019,0%,0,0,0%,0,0,0%,0,0,0%,0,0,0%,0,0,0%,0,0
Medford,2019,0%,0,0,0%,0,0,0%,0,0,0%,0,0,0%,0,0,0%,0,0
Medway,2019,0%,0,0,0%,0,0,0%,0,0,0%,0,0,0%,0,0,0%,0,0
Mercer,2019,0%,0,2,50%,1,2,0%,0,2,0%,0,0,0%,0,0,0%,0,0
Merrill,2019,0%,0,0,0%,0,0,0%,0,0,0%,0,0,0%,0,0,0%,0,0
Merrill Strip Twp,2019,0%,0,0,0%,0,0,0%,0,0,0%,0,0,0%,0,0,0%,0,0
Mexico,2019,100%,1,1,100%,1,1,100%,1,1,0%,0,0,0%,0,0,0%,0,0
Milbridge,2019,0%,0,2,0%,0,2,0%,0,2,0%,0,0,0%,0,0,0%,0,0
Milford,2019,33.30%,1,3,0%,0,3,0%,0,3,0%,0,0,0%,0,0,0%,0,0
Millinocket,2019,0%,0,1,0%,0,1,0%,0,1,0%,0,0,0%,0,0,0%,0,0
Milo,2019,0%,0,2,0%,0,2,0%,0,2,0%,0,0,0%,0,0,0%,0,0
Milton Twp,2019,0%,0,0,0%,0,0,0%,0,0,0%,0,0,0%,0,0,0%,0,0
Minot,2019,50%,1,2,50%,1,2,0%,0,2,0%,0,0,0%,0,0,0%,0,0
Misery Gore Twp,2019,0%,0,0,0%,0,0,0%,0,0,0%,0,0,0%,0,0,0%,0,0
Misery Twp,2019,0%,0,0,0%,0,0,0%,0,0,0%,0,0,0%,0,0,0%,0,0
Molunkus Twp,2019,0%,0,0,0%,0,0,0%,0,0,0%,0,0,0%,0,0,0%,0,0
Monhegan Island Plt,2019,0%,0,0,0%,0,0,0%,0,0,0%,0,0,0%,0,0,0%,0,0
Monmouth,2019,28.60%,2,7,14.30%,1,7,0%,0,7,0%,0,0,0%,0,0,0%,0,0
Monroe,2019,37.50%,3,8,25%,2,8,12.50%,1,8,0%,0,0,0%,0,0,0%,0,0
Monson,2019,0%,0,0,0%,0,0,0%,0,0,0%,0,0,0%,0,0,0%,0,0
Monticello,2019,0%,0,0,0%,0,0,0%,0,0,0%,0,0,0%,0,0,0%,0,0
Montville,2019,51.70%,15,29,13.80%,4,29,17.20%,5,29,0%,0,0,0%,0,0,0%,0,0
Moose River,2019,0%,0,0,0%,0,0,0%,0,0,0%,0,0,0%,0,0,0%,0,0
Moosehead Junction Twp,2019,0%,0,0,0%,0,0,0%,0,0,0%,0,0,0%,0,0,0%,0,0
Moro Plt,2019,0%,0,0,0%,0,0,0%,0,0,0%,0,0,0%,0,0,0%,0,0
Morrill,2019,33.30%,2,6,0%,0,6,0%,0,6,0%,0,0,0%,0,0,0%,0,0
Moscow,2019,100%,1,1,0%,0,1,0%,0,1,0%,0,0,0%,0,0,0%,0,0
Mount Abram Twp,2019,0%,0,0,0%,0,0,0%,0,0,0%,0,0,0%,0,0,0%,0,0
Mount Chase,2019,0%,0,0,0%,0,0,0%,0,0,0%,0,0,0%,0,0,0%,0,0
Mount Desert,2019,37.80%,14,37,0%,0,37,2.70%,1,37,0%,0,0,0%,0,0,0%,0,0
Mount Katahdin Twp,2019,0%,0,0,0%,0,0,0%,0,0,0%,0,0,0%,0,0,0%,0,0
Mount Vernon,2019,22.20%,2,9,22.20%,2,9,11.10%,1,9,0%,0,0,0%,0,0,0%,0,0
Moxie Gore,2019,0%,0,0,0%,0,0,0%,0,0,0%,0,0,0%,0,0,0%,0,0
Muscle Ridge Twp,2019,0%,0,0,0%,0,0,0%,0,0,0%,0,0,0%,0,0,0%,0,0
Naples,2019,33.30%,1,3,0%,0,3,0%,0,3,0%,0,0,0%,0,0,0%,0,0
Nashville Plt,2019,0%,0,0,0%,0,0,0%,0,0,0%,0,0,0%,0,0,0%,0,0
Nesourdnahunk Twp,2019,0%,0,0,0%,0,0,0%,0,0,0%,0,0,0%,0,0,0%,0,0
New Canada,2019,0%,0,0,0%,0,0,0%,0,0,0%,0,0,0%,0,0,0%,0,0
New Gloucester,2019,38.50%,5,13,7.70%,1,13,7.70%,1,13,0%,0,0,0%,0,0,0%,0,0
New Limerick,2019,0%,0,0,0%,0,0,0%,0,0,0%,0,0,0%,0,0,0%,0,0
New Portland,2019,0%,0,1,0%,0,1,0%,0,1,0%,0,0,0%,0,0,0%,0,0
New Sharon,2019,100%,3,3,0%,0,3,0%,0,3,0%,0,0,0%,0,0,0%,0,0
New Sweden,2019,0%,0,0,0%,0,0,0%,0,0,0%,0,0,0%,0,0,0%,0,0
New Vineyard,2019,0%,0,1,0%,0,1,0%,0,1,0%,0,0,0%,0,0,0%,0,0
Newburgh,2019,36.40%,4,11,0%,0,11,0%,0,11,0%,0,0,0%,0,0,0%,0,0
Newcastle,2019,20%,2,10,10%,1,10,0%,0,10,0%,0,0,0%,0,0,0%,0,0
Newfield,2019,0%,0,1,0%,0,1,0%,0,1,0%,0,0,0%,0,0,0%,0,0
Newport,2019,50%,1,2,0%,0,2,0%,0,2,0%,0,0,0%,0,0,0%,0,0
Newry,2019,0%,0,1,100%,1,1,0%,0,1,0%,0,0,0%,0,0,0%,0,0
Nobleboro,2019,36.40%,4,11,0%,0,11,9.10%,1,11,0%,0,0,0%,0,0,0%,0,0
Norridgewock,2019,40%,2,5,0%,0,5,0%,0,5,0%,0,0,0%,0,0,0%,0,0
North Berwick,2019,66.70%,2,3,0%,0,3,33.30%,1,3,0%,0,0,0%,0,0,0%,0,0
North Haven,2019,0%,0,1,0%,0,1,0%,0,1,0%,0,0,0%,0,0,0%,0,0
North Yarmouth,2019,33.30%,5,15,13.30%,2,15,0%,0,15,0%,0,0,0%,0,0,0%,0,0
North Yarmouth Academy Grant Twp,2019,0%,0,0,0%,0,0,0%,0,0,0%,0,0,0%,0,0,0%,0,0
Northeast Carry Twp,2019,0%,0,0,0%,0,0,0%,0,0,0%,0,0,0%,0,0,0%,0,0
Northfield,2019,0%,0,0,0%,0,0,0%,0,0,0%,0,0,0%,0,0,0%,0,0
Northport,2019,20%,1,5,0%,0,5,0%,0,5,0%,0,0,0%,0,0,0%,0,0
Norway,2019,0%,0,4,0%,0,4,25%,1,4,0%,0,0,0%,0,0,0%,0,0
Oakfield,2019,0%,0,0,0%,0,0,0%,0,0,0%,0,0,0%,0,0,0%,0,0
Oakland,2019,55.60%,5,9,11.10%,1,9,0%,0,9,0%,0,0,0%,0,0,0%,0,0
Ogunquit,2019,0%,0,0,0%,0,0,0%,0,0,0%,0,0,0%,0,0,0%,0,0
Old Orchard Beach,2019,0%,0,0,0%,0,0,0%,0,0,0%,0,0,0%,0,0,0%,0,0
Old Town,2019,43.80%,7,16,12.50%,2,16,0%,0,16,0%,0,0,0%,0,0,0%,0,0
Oqiton Twp,2019,0%,0,0,0%,0,0,0%,0,0,0%,0,0,0%,0,0,0%,0,0
Orient,2019,0%,0,0,0%,0,0,0%,0,0,0%,0,0,0%,0,0,0%,0,0
Orland,2019,35.70%,5,14,14.30%,2,14,0%,0,14,0%,0,0,0%,0,0,0%,0,0
Orneville Twp,2019,0%,0,0,0%,0,0,0%,0,0,0%,0,0,0%,0,0,0%,0,0
Orono,2019,47.20%,17,36,2.80%,1,36,5.60%,2,36,0%,0,0,0%,0,0,0%,0,0
Orrington,2019,55.60%,5,9,0%,0,9,0%,0,9,0%,0,0,0%,0,0,0%,0,0
Osborn,2019,0%,0,0,0%,0,0,0%,0,0,0%,0,0,0%,0,0,0%,0,0
Otis,2019,50%,1,2,0%,0,2,0%,0,2,0%,0,0,0%,0,0,0%,0,0
Otisfield,2019,100%,1,1,0%,0,1,0%,0,1,0%,0,0,0%,0,0,0%,0,0
Owls Head,2019,28.60%,2,7,0%,0,7,0%,0,7,0%,0,0,0%,0,0,0%,0,0
Oxbow North Twp,2019,0%,0,0,0%,0,0,0%,0,0,0%,0,0,0%,0,0,0%,0,0
Oxbow Twp,2019,0%,0,0,0%,0,0,0%,0,0,0%,0,0,0%,0,0,0%,0,0
Oxford,2019,66.70%,2,3,33.30%,1,3,0%,0,3,0%,0,0,0%,0,0,0%,0,0
Palermo,2019,0%,0,1,0%,0,1,0%,0,1,0%,0,0,0%,0,0,0%,0,0
Palmyra,2019,0%,0,0,0%,0,0,0%,0,0,0%,0,0,0%,0,0,0%,0,0
Paris,2019,50%,2,4,0%,0,4,0%,0,4,0%,0,0,0%,0,0,0%,0,0
Parkertown Twp,2019,0%,0,0,0%,0,0,0%,0,0,0%,0,0,0%,0,0,0%,0,0
Parkman,2019,100%,1,1,0%,0,1,0%,0,1,0%,0,0,0%,0,0,0%,0,0
Parlin Pond Twp,2019,0%,0,0,0%,0,0,0%,0,0,0%,0,0,0%,0,0,0%,0,0
Parmachenee Twp,2019,0%,0,0,0%,0,0,0%,0,0,0%,0,0,0%,0,0,0%,0,0
Parsonsfield,2019,100%,2,2,50%,1,2,0%,0,2,0%,0,0,0%,0,0,0%,0,0
Passadumkeag,2019,0%,0,0,0%,0,0,0%,0,0,0%,0,0,0%,0,0,0%,0,0
Patten,2019,0%,0,0,0%,0,0,0%,0,0,0%,0,0,0%,0,0,0%,0,0
Pembroke,2019,0%,0,0,0%,0,0,0%,0,0,0%,0,0,0%,0,0,0%,0,0
Penobscot,2019,57.10%,4,7,28.60%,2,7,14.30%,1,7,0%,0,0,0%,0,0,0%,0,0
Perham,2019,0%,0,0,0%,0,0,0%,0,0,0%,0,0,0%,0,0,0%,0,0
Perkins Twp,2019,0%,0,0,0%,0,0,0%,0,0,0%,0,0,0%,0,0,0%,0,0
Perkins Twp Swan Island,2019,0%,0,0,0%,0,0,0%,0,0,0%,0,0,0%,0,0,0%,0,0
Perry,2019,0%,0,0,0%,0,0,0%,0,0,0%,0,0,0%,0,0,0%,0,0
Peru,2019,50%,1,2,0%,0,2,50%,1,2,0%,0,0,0%,0,0,0%,0,0
Phillips,2019,0%,0,1,0%,0,1,0%,0,1,0%,0,0,0%,0,0,0%,0,0
Phippsburg,2019,42.90%,6,14,14.30%,2,14,14.30%,2,14,0%,0,0,0%,0,0,0%,0,0
Pierce Pond Twp,2019,0%,0,0,0%,0,0,0%,0,0,0%,0,0,0%,0,0,0%,0,0
Pittsfield,2019,0%,0,1,0%,0,1,0%,0,1,0%,0,0,0%,0,0,0%,0,0
Pittston,2019,0%,0,5,0%,0,5,0%,0,5,0%,0,0,0%,0,0,0%,0,0
Pittston Academy Grant,2019,0%,0,0,0%,0,0,0%,0,0,0%,0,0,0%,0,0,0%,0,0
Pleasant Point,2019,0%,0,0,0%,0,0,0%,0,0,0%,0,0,0%,0,0,0%,0,0
Pleasant Ridge Plt,2019,0%,0,0,0%,0,0,0%,0,0,0%,0,0,0%,0,0,0%,0,0
Plymouth,2019,20%,1,5,0%,0,5,0%,0,5,0%,0,0,0%,0,0,0%,0,0
Plymouth Twp,2019,0%,0,0,0%,0,0,0%,0,0,0%,0,0,0%,0,0,0%,0,0
Poland,2019,40%,2,5,0%,0,5,0%,0,5,0%,0,0,0%,0,0,0%,0,0
Portage Lake,2019,0%,0,1,0%,0,1,0%,0,1,0%,0,0,0%,0,0,0%,0,0
Porter,2019,0%,0,1,0%,0,1,0%,0,1,0%,0,0,0%,0,0,0%,0,0
Portland,2019,35%,7,20,10%,2,20,10%,2,20,0%,0,0,0%,0,0,0%,0,0
Pownal,2019,66.70%,6,9,11.10%,1,9,0%,0,9,0%,0,0,0%,0,0,0%,0,0
Prentiss Twp T4 R4 NBKP,2019,0%,0,0,0%,0,0,0%,0,0,0%,0,0,0%,0,0,0%,0,0
Prentiss Twp T7 R3 NBPP,2019,0%,0,0,0%,0,0,0%,0,0,0%,0,0,0%,0,0,0%,0,0
Presque Isle,2019,0%,0,1,0%,0,1,0%,0,1,0%,0,0,0%,0,0,0%,0,0
Princeton,2019,0%,0,0,0%,0,0,0%,0,0,0%,0,0,0%,0,0,0%,0,0
Prospect,2019,100%,1,1,0%,0,1,0%,0,1,0%,0,0,0%,0,0,0%,0,0
Pukakon Twp,2019,0%,0,0,0%,0,0,0%,0,0,0%,0,0,0%,0,0,0%,0,0
Rainbow Twp,2019,0%,0,0,0%,0,0,0%,0,0,0%,0,0,0%,0,0,0%,0,0
Randolph,2019,0%,0,0,0%,0,0,0%,0,0,0%,0,0,0%,0,0,0%,0,0
Rangeley,2019,33.30%,1,3,0%,0,3,0%,0,3,0%,0,0,0%,0,0,0%,0,0
Rangeley Plt,2019,0%,0,0,0%,0,0,0%,0,0,0%,0,0,0%,0,0,0%,0,0
Raymond,2019,50%,3,6,0%,0,6,16.70%,1,6,0%,0,0,0%,0,0,0%,0,0
Readfield,2019,22.20%,2,9,0%,0,9,0%,0,9,0%,0,0,0%,0,0,0%,0,0
Redington Twp,2019,0%,0,0,0%,0,0,0%,0,0,0%,0,0,0%,0,0,0%,0,0
Reed Plt,2019,0%,0,0,0%,0,0,0%,0,0,0%,0,0,0%,0,0,0%,0,0
Richardsontown Twp,2019,0%,0,0,0%,0,0,0%,0,0,0%,0,0,0%,0,0,0%,0,0
Richmond,2019,75%,3,4,0%,0,4,25%,1,4,0%,0,0,0%,0,0,0%,0,0
Riley Twp,2019,0%,0,0,0%,0,0,0%,0,0,0%,0,0,0%,0,0,0%,0,0
Ripley,2019,0%,0,0,0%,0,0,0%,0,0,0%,0,0,0%,0,0,0%,0,0
Robbinston,2019,0%,0,0,0%,0,0,0%,0,0,0%,0,0,0%,0,0,0%,0,0
Rockland,2019,55.60%,5,9,22.20%,2,9,33.30%,3,9,0%,0,0,0%,0,0,0%,0,0
Rockport,2019,55.60%,5,9,11.10%,1,9,0%,0,9,0%,0,0,0%,0,0,0%,0,0
Rockwood Strip T1 R1 NBKP,2019,0%,0,0,0%,0,0,0%,0,0,0%,0,0,0%,0,0,0%,0,0
Rockwood Strip T2 R1 NBKP,2019,0%,0,0,0%,0,0,0%,0,0,0%,0,0,0%,0,0,0%,0,0
Rome,2019,0%,0,1,0%,0,1,0%,0,1,0%,0,0,0%,0,0,0%,0,0
Roque Bluffs,2019,100%,1,1,0%,0,1,0%,0,1,0%,0,0,0%,0,0,0%,0,0
Roxbury,2019,100%,1,1,0%,0,1,0%,0,1,0%,0,0,0%,0,0,0%,0,0
Rumford,2019,0%,0,0,0%,0,0,0%,0,0,0%,0,0,0%,0,0,0%,0,0
Russell Pond Twp,2019,0%,0,0,0%,0,0,0%,0,0,0%,0,0,0%,0,0,0%,0,0
Sabattus,2019,0%,0,6,0%,0,6,16.70%,1,6,0%,0,0,0%,0,0,0%,0,0
Saco,2019,41.70%,5,12,8.30%,1,12,8.30%,1,12,0%,0,0,0%,0,0,0%,0,0
Saint Agatha,2019,0%,0,0,0%,0,0,0%,0,0,0%,0,0,0%,0,0,0%,0,0
Saint Albans,2019,0%,0,3,0%,0,3,0%,0,3,0%,0,0,0%,0,0,0%,0,0
Saint Croix Twp,2019,0%,0,0,0%,0,0,0%,0,0,0%,0,0,0%,0,0,0%,0,0
Saint Francis,2019,0%,0,0,0%,0,0,0%,0,0,0%,0,0,0%,0,0,0%,0,0
Saint George,2019,50%,5,10,10%,1,10,30%,3,10,0%,0,0,0%,0,0,0%,0,0
Saint John Plt,2019,0%,0,0,0%,0,0,0%,0,0,0%,0,0,0%,0,0,0%,0,0
Saint John Twp,2019,0%,0,0,0%,0,0,0%,0,0,0%,0,0,0%,0,0,0%,0,0
Sakom Twp,2019,0%,0,0,0%,0,0,0%,0,0,0%,0,0,0%,0,0,0%,0,0
Salem Twp,2019,0%,0,0,0%,0,0,0%,0,0,0%,0,0,0%,0,0,0%,0,0
Sandbar Tract Twp,2019,0%,0,0,0%,0,0,0%,0,0,0%,0,0,0%,0,0,0%,0,0
Sandwich Academy Grant Twp,2019,0%,0,0,0%,0,0,0%,0,0,0%,0,0,0%,0,0,0%,0,0
Sandy Bay Twp,2019,0%,0,0,0%,0,0,0%,0,0,0%,0,0,0%,0,0,0%,0,0
Sandy River Plt,2019,0%,0,0,0%,0,0,0%,0,0,0%,0,0,0%,0,0,0%,0,0
Sanford,2019,42.90%,3,7,14.30%,1,7,14.30%,1,7,0%,0,0,0%,0,0,0%,0,0
Sangerville,2019,16.70%,1,6,0%,0,6,0%,0,6,0%,0,0,0%,0,0,0%,0,0
Sapling Twp,2019,0%,0,0,0%,0,0,0%,0,0,0%,0,0,0%,0,0,0%,0,0
Scarborough,2019,45.50%,5,11,9.10%,1,11,0%,0,11,0%,0,0,0%,0,0,0%,0,0
Scopan Twp,2019,0%,0,0,0%,0,0,0%,0,0,0%,0,0,0%,0,0,0%,0,0
Searsmont,2019,57.10%,4,7,0%,0,7,14.30%,1,7,0%,0,0,0%,0,0,0%,0,0
Searsport,2019,33.30%,2,6,0%,0,6,0%,0,6,0%,0,0,0%,0,0,0%,0,0
Sebago,2019,0%,0,2,50%,1,2,0%,0,2,0%,0,0,0%,0,0,0%,0,0
Sebec,2019,0%,0,3,0%,0,3,0%,0,3,0%,0,0,0%,0,0,0%,0,0
Seboeis Plt,2019,0%,0,0,0%,0,0,0%,0,0,0%,0,0,0%,0,0,0%,0,0
Seboomook Twp,2019,0%,0,0,0%,0,0,0%,0,0,0%,0,0,0%,0,0,0%,0,0
Sedgwick,2019,15.40%,2,13,15.40%,2,13,0%,0,13,0%,0,0,0%,0,0,0%,0,0
Seven Ponds Twp,2019,0%,0,0,0%,0,0,0%,0,0,0%,0,0,0%,0,0,0%,0,0
Shapleigh,2019,0%,0,0,0%,0,0,0%,0,0,0%,0,0,0%,0,0,0%,0,0
Shawtown Twp,2019,0%,0,0,0%,0,0,0%,0,0,0%,0,0,0%,0,0,0%,0,0
Sherman,2019,0%,0,0,0%,0,0,0%,0,0,0%,0,0,0%,0,0,0%,0,0
Shirley,2019,0%,0,0,0%,0,0,0%,0,0,0%,0,0,0%,0,0,0%,0,0
Sidney,2019,50%,3,6,0%,0,6,0%,0,6,0%,0,0,0%,0,0,0%,0,0
Silver Ridge Twp,2019,0%,0,0,0%,0,0,0%,0,0,0%,0,0,0%,0,0,0%,0,0
Sinclair Twp,2019,0%,0,0,0%,0,0,0%,0,0,0%,0,0,0%,0,0,0%,0,0
Skinner Twp,2019,0%,0,0,0%,0,0,0%,0,0,0%,0,0,0%,0,0,0%,0,0
Skowhegan,2019,33.30%,1,3,0%,0,3,0%,0,3,0%,0,0,0%,0,0,0%,0,0
Smithfield,2019,0%,0,2,0%,0,2,0%,0,2,0%,0,0,0%,0,0,0%,0,0
Smyrna,2019,0%,0,0,0%,0,0,0%,0,0,0%,0,0,0%,0,0,0%,0,0
Soldiertown Twp T2 R3 NBKP,2019,0%,0,0,0%,0,0,0%,0,0,0%,0,0,0%,0,0,0%,0,0
Soldiertown Twp T2 R7 WELS,2019,0%,0,0,0%,0,0,0%,0,0,0%,0,0,0%,0,0,0%,0,0
Solon,2019,50%,1,2,0%,0,2,0%,0,2,0%,0,0,0%,0,0,0%,0,0
Somerville,2019,0%,0,1,0%,0,1,0%,0,1,0%,0,0,0%,0,0,0%,0,0
Soper Mountain Twp,2019,0%,0,0,0%,0,0,0%,0,0,0%,0,0,0%,0,0,0%,0,0
Sorrento,2019,0%,0,1,0%,0,1,0%,0,1,0%,0,0,0%,0,0,0%,0,0
South Berwick,2019,11.10%,1,9,33.30%,3,9,11.10%,1,9,0%,0,0,0%,0,0,0%,0,0
South Bristol,2019,46.70%,7,15,0%,0,15,0%,0,15,0%,0,0,0%,0,0,0%,0,0
South Portland,2019,27.30%,3,11,9.10%,1,11,0%,0,11,0%,0,0,0%,0,0,0%,0,0
South Thomaston,2019,50%,2,4,0%,0,4,0%,0,4,0%,0,0,0%,0,0,0%,0,0
Southport,2019,50%,1,2,0%,0,2,0%,0,2,0%,0,0,0%,0,0,0%,0,0
Southwest Harbor,2019,37.50%,3,8,0%,0,8,12.50%,1,8,0%,0,0,0%,0,0,0%,0,0
Spencer Bay Twp,2019,0%,0,0,0%,0,0,0%,0,0,0%,0,0,0%,0,0,0%,0,0
Springfield,2019,0%,0,0,0%,0,0,0%,0,0,0%,0,0,0%,0,0,0%,0,0
Squaretown Twp,2019,0%,0,0,0%,0,0,0%,0,0,0%,0,0,0%,0,0,0%,0,0
Stacyville,2019,0%,0,0,0%,0,0,0%,0,0,0%,0,0,0%,0,0,0%,0,0
Standish,2019,22.20%,2,9,0%,0,9,22.20%,2,9,0%,0,0,0%,0,0,0%,0,0
Starks,2019,50%,1,2,0%,0,2,0%,0,2,0%,0,0,0%,0,0,0%,0,0
Stetson,2019,0%,0,1,0%,0,1,0%,0,1,0%,0,0,0%,0,0,0%,0,0
Stetsontown Twp,2019,0%,0,0,0%,0,0,0%,0,0,0%,0,0,0%,0,0,0%,0,0
Steuben,2019,33.30%,1,3,0%,0,3,0%,0,3,0%,0,0,0%,0,0,0%,0,0
Stockholm,2019,0%,0,0,0%,0,0,0%,0,0,0%,0,0,0%,0,0,0%,0,0
Stockton Springs,2019,50%,2,4,0%,0,4,0%,0,4,0%,0,0,0%,0,0,0%,0,0
Stoneham,2019,0%,0,0,0%,0,0,0%,0,0,0%,0,0,0%,0,0,0%,0,0
Stonington,2019,66.70%,2,3,0%,0,3,0%,0,3,0%,0,0,0%,0,0,0%,0,0
Stow,2019,0%,0,0,0%,0,0,0%,0,0,0%,0,0,0%,0,0,0%,0,0
Strong,2019,0%,0,1,0%,0,1,0%,0,1,0%,0,0,0%,0,0,0%,0,0
Sullivan,2019,50%,1,2,0%,0,2,0%,0,2,0%,0,0,0%,0,0,0%,0,0
Summit Twp,2019,0%,0,0,0%,0,0,0%,0,0,0%,0,0,0%,0,0,0%,0,0
Sumner,2019,0%,0,3,0%,0,3,0%,0,3,0%,0,0,0%,0,0,0%,0,0
Surry,2019,40%,2,5,0%,0,5,0%,0,5,0%,0,0,0%,0,0,0%,0,0
Swans Island,2019,0%,0,3,0%,0,3,0%,0,3,0%,0,0,0%,0,0,0%,0,0
Swanville,2019,16.70%,1,6,0%,0,6,16.70%,1,6,0%,0,0,0%,0,0,0%,0,0
Sweden,2019,50%,1,2,0%,0,2,0%,0,2,0%,0,0,0%,0,0,0%,0,0
T1 R10 WELS,2019,0%,0,0,0%,0,0,0%,0,0,0%,0,0,0%,0,0,0%,0,0
T1 R11 WELS,2019,0%,0,0,0%,0,0,0%,0,0,0%,0,0,0%,0,0,0%,0,0
T1 R12 WELS,2019,0%,0,0,0%,0,0,0%,0,0,0%,0,0,0%,0,0,0%,0,0
T1 R13 WELS,2019,0%,0,0,0%,0,0,0%,0,0,0%,0,0,0%,0,0,0%,0,0
T1 R5 WELS,2019,0%,0,0,0%,0,0,0%,0,0,0%,0,0,0%,0,0,0%,0,0
T1 R6 WELS,2019,0%,0,0,0%,0,0,0%,0,0,0%,0,0,0%,0,0,0%,0,0
T1 R8 WELS,2019,0%,0,0,0%,0,0,0%,0,0,0%,0,0,0%,0,0,0%,0,0
T1 R9 WELS,2019,0%,0,0,0%,0,0,0%,0,0,0%,0,0,0%,0,0,0%,0,0
T10 R10 WELS,2019,0%,0,0,0%,0,0,0%,0,0,0%,0,0,0%,0,0,0%,0,0
T10 R11 WELS,2019,0%,0,0,0%,0,0,0%,0,0,0%,0,0,0%,0,0,0%,0,0
T10 R12 WELS,2019,0%,0,0,0%,0,0,0%,0,0,0%,0,0,0%,0,0,0%,0,0
T10 R13 WELS,2019,0%,0,0,0%,0,0,0%,0,0,0%,0,0,0%,0,0,0%,0,0
T10 R14 WELS,2019,0%,0,0,0%,0,0,0%,0,0,0%,0,0,0%,0,0,0%,0,0
T10 R15 WELS,2019,0%,0,0,0%,0,0,0%,0,0,0%,0,0,0%,0,0,0%,0,0
T10 R16 WELS,2019,0%,0,0,0%,0,0,0%,0,0,0%,0,0,0%,0,0,0%,0,0
T10 R3 WELS,2019,0%,0,0,0%,0,0,0%,0,0,0%,0,0,0%,0,0,0%,0,0
T10 R6 WELS,2019,0%,0,0,0%,0,0,0%,0,0,0%,0,0,0%,0,0,0%,0,0
T10 R7 WELS,2019,0%,0,0,0%,0,0,0%,0,0,0%,0,0,0%,0,0,0%,0,0
T10 R8 WELS,2019,0%,0,0,0%,0,0,0%,0,0,0%,0,0,0%,0,0,0%,0,0
T10 R9 WELS,2019,0%,0,0,0%,0,0,0%,0,0,0%,0,0,0%,0,0,0%,0,0
T10 SD BPP,2019,0%,0,0,0%,0,0,0%,0,0,0%,0,0,0%,0,0,0%,0,0
T11 R10 WELS,2019,0%,0,0,0%,0,0,0%,0,0,0%,0,0,0%,0,0,0%,0,0
T11 R11 WELS,2019,0%,0,0,0%,0,0,0%,0,0,0%,0,0,0%,0,0,0%,0,0
T11 R12 WELS,2019,0%,0,0,0%,0,0,0%,0,0,0%,0,0,0%,0,0,0%,0,0
T11 R13 WELS,2019,0%,0,0,0%,0,0,0%,0,0,0%,0,0,0%,0,0,0%,0,0
T11 R15 WELS,2019,0%,0,0,0%,0,0,0%,0,0,0%,0,0,0%,0,0,0%,0,0
T11 R16 WELS,2019,0%,0,0,0%,0,0,0%,0,0,0%,0,0,0%,0,0,0%,0,0
T11 R17 WELS,2019,0%,0,0,0%,0,0,0%,0,0,0%,0,0,0%,0,0,0%,0,0
T11 R3 NBPP,2019,0%,0,0,0%,0,0,0%,0,0,0%,0,0,0%,0,0,0%,0,0
T11 R4 WELS,2019,0%,0,0,0%,0,0,0%,0,0,0%,0,0,0%,0,0,0%,0,0
T11 R7 WELS,2019,0%,0,0,0%,0,0,0%,0,0,0%,0,0,0%,0,0,0%,0,0
T11 R8 WELS,2019,0%,0,0,0%,0,0,0%,0,0,0%,0,0,0%,0,0,0%,0,0
T11 R9 WELS,2019,0%,0,0,0%,0,0,0%,0,0,0%,0,0,0%,0,0,0%,0,0
T12 R10 WELS,2019,0%,0,0,0%,0,0,0%,0,0,0%,0,0,0%,0,0,0%,0,0
T12 R11 WELS,2019,0%,0,0,0%,0,0,0%,0,0,0%,0,0,0%,0,0,0%,0,0
T12 R12 WELS,2019,0%,0,0,0%,0,0,0%,0,0,0%,0,0,0%,0,0,0%,0,0
T12 R13 WELS,2019,0%,0,0,0%,0,0,0%,0,0,0%,0,0,0%,0,0,0%,0,0
T12 R14 WELS,2019,0%,0,0,0%,0,0,0%,0,0,0%,0,0,0%,0,0,0%,0,0
T12 R15 WELS,2019,0%,0,0,0%,0,0,0%,0,0,0%,0,0,0%,0,0,0%,0,0
T12 R16 WELS,2019,0%,0,0,0%,0,0,0%,0,0,0%,0,0,0%,0,0,0%,0,0
T12 R17 WELS,2019,0%,0,0,0%,0,0,0%,0,0,0%,0,0,0%,0,0,0%,0,0
T12 R7 WELS,2019,0%,0,0,0%,0,0,0%,0,0,0%,0,0,0%,0,0,0%,0,0
T12 R8 WELS,2019,0%,0,0,0%,0,0,0%,0,0,0%,0,0,0%,0,0,0%,0,0
T12 R9 WELS,2019,0%,0,0,0%,0,0,0%,0,0,0%,0,0,0%,0,0,0%,0,0
T13 R10 WELS,2019,0%,0,0,0%,0,0,0%,0,0,0%,0,0,0%,0,0,0%,0,0
T13 R11 WELS,2019,0%,0,0,0%,0,0,0%,0,0,0%,0,0,0%,0,0,0%,0,0
T13 R12 WELS,2019,0%,0,0,0%,0,0,0%,0,0,0%,0,0,0%,0,0,0%,0,0
T13 R13 WELS,2019,0%,0,0,0%,0,0,0%,0,0,0%,0,0,0%,0,0,0%,0,0
T13 R14 WELS,2019,0%,0,0,0%,0,0,0%,0,0,0%,0,0,0%,0,0,0%,0,0
T13 R15 WELS,2019,0%,0,0,0%,0,0,0%,0,0,0%,0,0,0%,0,0,0%,0,0
T13 R16 WELS,2019,0%,0,0,0%,0,0,0%,0,0,0%,0,0,0%,0,0,0%,0,0
T13 R5 WELS,2019,0%,0,0,0%,0,0,0%,0,0,0%,0,0,0%,0,0,0%,0,0
T13 R7 WELS,2019,0%,0,0,0%,0,0,0%,0,0,0%,0,0,0%,0,0,0%,0,0
T13 R8 WELS,2019,0%,0,0,0%,0,0,0%,0,0,0%,0,0,0%,0,0,0%,0,0
T13 R9 WELS,2019,0%,0,0,0%,0,0,0%,0,0,0%,0,0,0%,0,0,0%,0,0
T14 R10 WELS,2019,0%,0,0,0%,0,0,0%,0,0,0%,0,0,0%,0,0,0%,0,0
T14 R11 WELS,2019,0%,0,0,0%,0,0,0%,0,0,0%,0,0,0%,0,0,0%,0,0
T14 R12 WELS,2019,0%,0,0,0%,0,0,0%,0,0,0%,0,0,0%,0,0,0%,0,0
T14 R13 WELS,2019,0%,0,0,0%,0,0,0%,0,0,0%,0,0,0%,0,0,0%,0,0
T14 R14 WELS,2019,0%,0,0,0%,0,0,0%,0,0,0%,0,0,0%,0,0,0%,0,0
T14 R15 WELS,2019,0%,0,0,0%,0,0,0%,0,0,0%,0,0,0%,0,0,0%,0,0
T14 R16 WELS,2019,0%,0,0,0%,0,0,0%,0,0,0%,0,0,0%,0,0,0%,0,0
T14 R5 WELS,2019,0%,0,0,0%,0,0,0%,0,0,0%,0,0,0%,0,0,0%,0,0
T14 R6 WELS,2019,0%,0,0,0%,0,0,0%,0,0,0%,0,0,0%,0,0,0%,0,0
T14 R7 WELS,2019,0%,0,0,0%,0,0,0%,0,0,0%,0,0,0%,0,0,0%,0,0
T14 R8 WELS,2019,0%,0,0,0%,0,0,0%,0,0,0%,0,0,0%,0,0,0%,0,0
T14 R9 WELS,2019,0%,0,0,0%,0,0,0%,0,0,0%,0,0,0%,0,0,0%,0,0
T15 R10 WELS,2019,0%,0,0,0%,0,0,0%,0,0,0%,0,0,0%,0,0,0%,0,0
T15 R11 WELS,2019,0%,0,0,0%,0,0,0%,0,0,0%,0,0,0%,0,0,0%,0,0
T15 R12 WELS,2019,0%,0,0,0%,0,0,0%,0,0,0%,0,0,0%,0,0,0%,0,0
T15 R13 WELS,2019,0%,0,0,0%,0,0,0%,0,0,0%,0,0,0%,0,0,0%,0,0
T15 R14 WELS,2019,0%,0,0,0%,0,0,0%,0,0,0%,0,0,0%,0,0,0%,0,0
T15 R15 WELS,2019,0%,0,0,0%,0,0,0%,0,0,0%,0,0,0%,0,0,0%,0,0
T15 R5 WELS,2019,0%,0,0,0%,0,0,0%,0,0,0%,0,0,0%,0,0,0%,0,0
T15 R6 WELS,2019,0%,0,0,0%,0,0,0%,0,0,0%,0,0,0%,0,0,0%,0,0
T15 R8 WELS,2019,0%,0,0,0%,0,0,0%,0,0,0%,0,0,0%,0,0,0%,0,0
T15 R9 WELS,2019,0%,0,0,0%,0,0,0%,0,0,0%,0,0,0%,0,0,0%,0,0
T16 MD BPP,2019,0%,0,0,0%,0,0,0%,0,0,0%,0,0,0%,0,0,0%,0,0
T16 R12 WELS,2019,0%,0,0,0%,0,0,0%,0,0,0%,0,0,0%,0,0,0%,0,0
T16 R13 WELS,2019,0%,0,0,0%,0,0,0%,0,0,0%,0,0,0%,0,0,0%,0,0
T16 R14 WELS,2019,0%,0,0,0%,0,0,0%,0,0,0%,0,0,0%,0,0,0%,0,0
T16 R5 WELS,2019,0%,0,0,0%,0,0,0%,0,0,0%,0,0,0%,0,0,0%,0,0
T16 R6 WELS,2019,0%,0,0,0%,0,0,0%,0,0,0%,0,0,0%,0,0,0%,0,0
T16 R8 WELS,2019,0%,0,0,0%,0,0,0%,0,0,0%,0,0,0%,0,0,0%,0,0
T16 R9 WELS,2019,0%,0,0,0%,0,0,0%,0,0,0%,0,0,0%,0,0,0%,0,0
T17 R12 WELS,2019,0%,0,0,0%,0,0,0%,0,0,0%,0,0,0%,0,0,0%,0,0
T17 R13 WELS,2019,0%,0,0,0%,0,0,0%,0,0,0%,0,0,0%,0,0,0%,0,0
T17 R14 WELS,2019,0%,0,0,0%,0,0,0%,0,0,0%,0,0,0%,0,0,0%,0,0
T17 R3 WELS,2019,0%,0,0,0%,0,0,0%,0,0,0%,0,0,0%,0,0,0%,0,0
T18 MD BPP,2019,0%,0,0,0%,0,0,0%,0,0,0%,0,0,0%,0,0,0%,0,0
T18 R10 WELS,2019,0%,0,0,0%,0,0,0%,0,0,0%,0,0,0%,0,0,0%,0,0
T18 R11 WELS,2019,0%,0,0,0%,0,0,0%,0,0,0%,0,0,0%,0,0,0%,0,0
T18 R12 WELS,2019,0%,0,0,0%,0,0,0%,0,0,0%,0,0,0%,0,0,0%,0,0
T18 R13 WELS,2019,0%,0,0,0%,0,0,0%,0,0,0%,0,0,0%,0,0,0%,0,0
T19 ED BPP,2019,0%,0,0,0%,0,0,0%,0,0,0%,0,0,0%,0,0,0%,0,0
T19 MD BPP,2019,0%,0,0,0%,0,0,0%,0,0,0%,0,0,0%,0,0,0%,0,0
T19 R11 WELS,2019,0%,0,0,0%,0,0,0%,0,0,0%,0,0,0%,0,0,0%,0,0
T19 R12 WELS,2019,0%,0,0,0%,0,0,0%,0,0,0%,0,0,0%,0,0,0%,0,0
T2 R10 WELS,2019,0%,0,0,0%,0,0,0%,0,0,0%,0,0,0%,0,0,0%,0,0
T2 R12 WELS,2019,0%,0,0,0%,0,0,0%,0,0,0%,0,0,0%,0,0,0%,0,0
T2 R13 WELS,2019,0%,0,0,0%,0,0,0%,0,0,0%,0,0,0%,0,0,0%,0,0
T2 R4 WELS,2019,0%,0,0,0%,0,0,0%,0,0,0%,0,0,0%,0,0,0%,0,0
T2 R8 NWP,2019,0%,0,0,0%,0,0,0%,0,0,0%,0,0,0%,0,0,0%,0,0
T2 R8 WELS,2019,0%,0,0,0%,0,0,0%,0,0,0%,0,0,0%,0,0,0%,0,0
T2 R9 NWP,2019,0%,0,0,0%,0,0,0%,0,0,0%,0,0,0%,0,0,0%,0,0
T2 R9 WELS,2019,0%,0,0,0%,0,0,0%,0,0,0%,0,0,0%,0,0,0%,0,0
T22 MD BPP,2019,0%,0,0,0%,0,0,0%,0,0,0%,0,0,0%,0,0,0%,0,0
T24 MD BPP,2019,0%,0,0,0%,0,0,0%,0,0,0%,0,0,0%,0,0,0%,0,0
T25 MD BPP,2019,0%,0,0,0%,0,0,0%,0,0,0%,0,0,0%,0,0,0%,0,0
T26 ED BPP,2019,0%,0,0,0%,0,0,0%,0,0,0%,0,0,0%,0,0,0%,0,0
T28 MD BPP,2019,0%,0,0,0%,0,0,0%,0,0,0%,0,0,0%,0,0,0%,0,0
T3 Indian Purchase Twp,2019,0%,0,0,0%,0,0,0%,0,0,0%,0,0,0%,0,0,0%,0,0
T3 ND BPP,2019,0%,0,0,0%,0,0,0%,0,0,0%,0,0,0%,0,0,0%,0,0
T3 R1 NBPP,2019,0%,0,0,0%,0,0,0%,0,0,0%,0,0,0%,0,0,0%,0,0
T3 R10 WELS,2019,0%,0,0,0%,0,0,0%,0,0,0%,0,0,0%,0,0,0%,0,0
T3 R11 WELS,2019,0%,0,0,0%,0,0,0%,0,0,0%,0,0,0%,0,0,0%,0,0
T3 R12 WELS,2019,0%,0,0,0%,0,0,0%,0,0,0%,0,0,0%,0,0,0%,0,0
T3 R13 WELS,2019,0%,0,0,0%,0,0,0%,0,0,0%,0,0,0%,0,0,0%,0,0
T3 R3 WELS,2019,0%,0,0,0%,0,0,0%,0,0,0%,0,0,0%,0,0,0%,0,0
T3 R4 BKP WKR,2019,0%,0,0,0%,0,0,0%,0,0,0%,0,0,0%,0,0,0%,0,0
T3 R4 WELS,2019,0%,0,0,0%,0,0,0%,0,0,0%,0,0,0%,0,0,0%,0,0
T3 R5 BKP WKR,2019,0%,0,0,0%,0,0,0%,0,0,0%,0,0,0%,0,0,0%,0,0
T3 R7 WELS,2019,0%,0,0,0%,0,0,0%,0,0,0%,0,0,0%,0,0,0%,0,0
T3 R8 WELS,2019,0%,0,0,0%,0,0,0%,0,0,0%,0,0,0%,0,0,0%,0,0
T30 MD BPP,2019,0%,0,0,0%,0,0,0%,0,0,0%,0,0,0%,0,0,0%,0,0
T32 MD BPP,2019,0%,0,0,0%,0,0,0%,0,0,0%,0,0,0%,0,0,0%,0,0
T34 MD BPP,2019,0%,0,0,0%,0,0,0%,0,0,0%,0,0,0%,0,0,0%,0,0
T35 MD BPP,2019,0%,0,0,0%,0,0,0%,0,0,0%,0,0,0%,0,0,0%,0,0
T36 MD BPP,2019,0%,0,0,0%,0,0,0%,0,0,0%,0,0,0%,0,0,0%,0,0
T37 MD BPP,2019,0%,0,1,0%,0,1,0%,0,1,0%,0,0,0%,0,0,0%,0,0
T39 MD BPP,2019,0%,0,0,0%,0,0,0%,0,0,0%,0,0,0%,0,0,0%,0,0
T4 Indian Purchase Twp,2019,0%,0,0,0%,0,0,0%,0,0,0%,0,0,0%,0,0,0%,0,0
T4 R10 WELS,2019,0%,0,0,0%,0,0,0%,0,0,0%,0,0,0%,0,0,0%,0,0
T4 R11 WELS,2019,0%,0,0,0%,0,0,0%,0,0,0%,0,0,0%,0,0,0%,0,0
T4 R12 WELS,2019,0%,0,0,0%,0,0,0%,0,0,0%,0,0,0%,0,0,0%,0,0
T4 R13 WELS,2019,0%,0,0,0%,0,0,0%,0,0,0%,0,0,0%,0,0,0%,0,0
T4 R14 WELS,2019,0%,0,0,0%,0,0,0%,0,0,0%,0,0,0%,0,0,0%,0,0
T4 R15 WELS,2019,0%,0,0,0%,0,0,0%,0,0,0%,0,0,0%,0,0,0%,0,0
T4 R17 WELS,2019,0%,0,0,0%,0,0,0%,0,0,0%,0,0,0%,0,0,0%,0,0
T4 R3 WELS,2019,0%,0,0,0%,0,0,0%,0,0,0%,0,0,0%,0,0,0%,0,0
T4 R5 NBKP,2019,0%,0,0,0%,0,0,0%,0,0,0%,0,0,0%,0,0,0%,0,0
T4 R7 WELS,2019,0%,0,0,0%,0,0,0%,0,0,0%,0,0,0%,0,0,0%,0,0
T4 R8 WELS,2019,0%,0,0,0%,0,0,0%,0,0,0%,0,0,0%,0,0,0%,0,0
T4 R9 NWP,2019,0%,0,0,0%,0,0,0%,0,0,0%,0,0,0%,0,0,0%,0,0
T4 R9 WELS,2019,0%,0,0,0%,0,0,0%,0,0,0%,0,0,0%,0,0,0%,0,0
T40 MD BPP,2019,0%,0,0,0%,0,0,0%,0,0,0%,0,0,0%,0,0,0%,0,0
T41 MD BPP,2019,0%,0,0,0%,0,0,0%,0,0,0%,0,0,0%,0,0,0%,0,0
T42 MD BPP,2019,0%,0,0,0%,0,0,0%,0,0,0%,0,0,0%,0,0,0%,0,0
T43 MD BPP,2019,0%,0,0,0%,0,0,0%,0,0,0%,0,0,0%,0,0,0%,0,0
T5 R11 WELS,2019,0%,0,0,0%,0,0,0%,0,0,0%,0,0,0%,0,0,0%,0,0
T5 R12 WELS,2019,0%,0,0,0%,0,0,0%,0,0,0%,0,0,0%,0,0,0%,0,0
T5 R14 WELS,2019,0%,0,0,0%,0,0,0%,0,0,0%,0,0,0%,0,0,0%,0,0
T5 R15 WELS,2019,0%,0,0,0%,0,0,0%,0,0,0%,0,0,0%,0,0,0%,0,0
T5 R17 WELS,2019,0%,0,0,0%,0,0,0%,0,0,0%,0,0,0%,0,0,0%,0,0
T5 R18 WELS,2019,0%,0,0,0%,0,0,0%,0,0,0%,0,0,0%,0,0,0%,0,0
T5 R19 WELS,2019,0%,0,0,0%,0,0,0%,0,0,0%,0,0,0%,0,0,0%,0,0
T5 R20 WELS,2019,0%,0,0,0%,0,0,0%,0,0,0%,0,0,0%,0,0,0%,0,0
T5 R6 BKP WKR,2019,0%,0,0,0%,0,0,0%,0,0,0%,0,0,0%,0,0,0%,0,0
T5 R7 BKP WKR,2019,0%,0,0,0%,0,0,0%,0,0,0%,0,0,0%,0,0,0%,0,0
T5 R7 WELS,2019,0%,0,0,0%,0,0,0%,0,0,0%,0,0,0%,0,0,0%,0,0
T5 R8 WELS,2019,0%,0,0,0%,0,0,0%,0,0,0%,0,0,0%,0,0,0%,0,0
T5 R9 WELS,2019,0%,0,0,0%,0,0,0%,0,0,0%,0,0,0%,0,0,0%,0,0
T6 ND BPP,2019,0%,0,0,0%,0,0,0%,0,0,0%,0,0,0%,0,0,0%,0,0
T6 R1 NBPP,2019,0%,0,0,0%,0,0,0%,0,0,0%,0,0,0%,0,0,0%,0,0
T6 R10 WELS,2019,0%,0,0,0%,0,0,0%,0,0,0%,0,0,0%,0,0,0%,0,0
T6 R11 WELS,2019,0%,0,0,0%,0,0,0%,0,0,0%,0,0,0%,0,0,0%,0,0
T6 R12 WELS,2019,0%,0,0,0%,0,0,0%,0,0,0%,0,0,0%,0,0,0%,0,0
T6 R13 WELS,2019,0%,0,0,0%,0,0,0%,0,0,0%,0,0,0%,0,0,0%,0,0
T6 R14 WELS,2019,0%,0,0,0%,0,0,0%,0,0,0%,0,0,0%,0,0,0%,0,0
T6 R15 WELS,2019,0%,0,0,0%,0,0,0%,0,0,0%,0,0,0%,0,0,0%,0,0
T6 R17 WELS,2019,0%,0,0,0%,0,0,0%,0,0,0%,0,0,0%,0,0,0%,0,0
T6 R18 WELS,2019,0%,0,0,0%,0,0,0%,0,0,0%,0,0,0%,0,0,0%,0,0
T6 R6 WELS,2019,0%,0,0,0%,0,0,0%,0,0,0%,0,0,0%,0,0,0%,0,0
T6 R7 WELS,2019,0%,0,0,0%,0,0,0%,0,0,0%,0,0,0%,0,0,0%,0,0
T6 R8 WELS,2019,0%,0,0,0%,0,0,0%,0,0,0%,0,0,0%,0,0,0%,0,0
T7 R10 WELS,2019,0%,0,0,0%,0,0,0%,0,0,0%,0,0,0%,0,0,0%,0,0
T7 R11 WELS,2019,0%,0,0,0%,0,0,0%,0,0,0%,0,0,0%,0,0,0%,0,0
T7 R12 WELS,2019,0%,0,0,0%,0,0,0%,0,0,0%,0,0,0%,0,0,0%,0,0
T7 R13 WELS,2019,0%,0,0,0%,0,0,0%,0,0,0%,0,0,0%,0,0,0%,0,0
T7 R14 WELS,2019,0%,0,0,0%,0,0,0%,0,0,0%,0,0,0%,0,0,0%,0,0
T7 R15 WELS,2019,0%,0,0,0%,0,0,0%,0,0,0%,0,0,0%,0,0,0%,0,0
T7 R16 WELS,2019,0%,0,0,0%,0,0,0%,0,0,0%,0,0,0%,0,0,0%,0,0
T7 R17 WELS,2019,0%,0,0,0%,0,0,0%,0,0,0%,0,0,0%,0,0,0%,0,0
T7 R18 WELS,2019,0%,0,0,0%,0,0,0%,0,0,0%,0,0,0%,0,0,0%,0,0
T7 R19 WELS,2019,0%,0,0,0%,0,0,0%,0,0,0%,0,0,0%,0,0,0%,0,0
T7 R5 WELS,2019,0%,0,0,0%,0,0,0%,0,0,0%,0,0,0%,0,0,0%,0,0
T7 R6 WELS,2019,0%,0,0,0%,0,0,0%,0,0,0%,0,0,0%,0,0,0%,0,0
T7 R7 WELS,2019,0%,0,0,0%,0,0,0%,0,0,0%,0,0,0%,0,0,0%,0,0
T7 R8 WELS,2019,0%,0,0,0%,0,0,0%,0,0,0%,0,0,0%,0,0,0%,0,0
T7 R9 NWP,2019,0%,0,0,0%,0,0,0%,0,0,0%,0,0,0%,0,0,0%,0,0
T7 R9 WELS,2019,0%,0,0,0%,0,0,0%,0,0,0%,0,0,0%,0,0,0%,0,0
T7 SD BPP,2019,0%,0,0,0%,0,0,0%,0,0,0%,0,0,0%,0,0,0%,0,0
T8 R10 WELS,2019,0%,0,0,0%,0,0,0%,0,0,0%,0,0,0%,0,0,0%,0,0
T8 R11 WELS,2019,0%,0,0,0%,0,0,0%,0,0,0%,0,0,0%,0,0,0%,0,0
T8 R14 WELS,2019,0%,0,0,0%,0,0,0%,0,0,0%,0,0,0%,0,0,0%,0,0
T8 R15 WELS,2019,0%,0,0,0%,0,0,0%,0,0,0%,0,0,0%,0,0,0%,0,0
T8 R16 WELS,2019,0%,0,0,0%,0,0,0%,0,0,0%,0,0,0%,0,0,0%,0,0
T8 R17 WELS,2019,0%,0,0,0%,0,0,0%,0,0,0%,0,0,0%,0,0,0%,0,0
T8 R18 WELS,2019,0%,0,0,0%,0,0,0%,0,0,0%,0,0,0%,0,0,0%,0,0
T8 R19 WELS,2019,0%,0,0,0%,0,0,0%,0,0,0%,0,0,0%,0,0,0%,0,0
T8 R3 NBPP,2019,0%,0,0,0%,0,0,0%,0,0,0%,0,0,0%,0,0,0%,0,0
T8 R3 WELS,2019,0%,0,0,0%,0,0,0%,0,0,0%,0,0,0%,0,0,0%,0,0
T8 R4 NBPP,2019,0%,0,0,0%,0,0,0%,0,0,0%,0,0,0%,0,0,0%,0,0
T8 R5 WELS,2019,0%,0,0,0%,0,0,0%,0,0,0%,0,0,0%,0,0,0%,0,0
T8 R6 WELS,2019,0%,0,0,0%,0,0,0%,0,0,0%,0,0,0%,0,0,0%,0,0
T8 R7 WELS,2019,0%,0,0,0%,0,0,0%,0,0,0%,0,0,0%,0,0,0%,0,0
T8 R8 WELS,2019,0%,0,0,0%,0,0,0%,0,0,0%,0,0,0%,0,0,0%,0,0
T8 R9 WELS,2019,0%,0,0,0%,0,0,0%,0,0,0%,0,0,0%,0,0,0%,0,0
T9 R10 WELS,2019,0%,0,0,0%,0,0,0%,0,0,0%,0,0,0%,0,0,0%,0,0
T9 R11 WELS,2019,0%,0,0,0%,0,0,0%,0,0,0%,0,0,0%,0,0,0%,0,0
T9 R12 WELS,2019,0%,0,0,0%,0,0,0%,0,0,0%,0,0,0%,0,0,0%,0,0
T9 R13 WELS,2019,0%,0,0,0%,0,0,0%,0,0,0%,0,0,0%,0,0,0%,0,0
T9 R14 WELS,2019,0%,0,0,0%,0,0,0%,0,0,0%,0,0,0%,0,0,0%,0,0
T9 R15 WELS,2019,0%,0,0,0%,0,0,0%,0,0,0%,0,0,0%,0,0,0%,0,0
T9 R16 WELS,2019,0%,0,0,0%,0,0,0%,0,0,0%,0,0,0%,0,0,0%,0,0
T9 R17 WELS,2019,0%,0,0,0%,0,0,0%,0,0,0%,0,0,0%,0,0,0%,0,0
T9 R18 WELS,2019,0%,0,0,0%,0,0,0%,0,0,0%,0,0,0%,0,0,0%,0,0
T9 R3 WELS,2019,0%,0,0,0%,0,0,0%,0,0,0%,0,0,0%,0,0,0%,0,0
T9 R4 WELS,2019,0%,0,0,0%,0,0,0%,0,0,0%,0,0,0%,0,0,0%,0,0
T9 R5 WELS,2019,0%,0,0,0%,0,0,0%,0,0,0%,0,0,0%,0,0,0%,0,0
T9 R7 WELS,2019,0%,0,0,0%,0,0,0%,0,0,0%,0,0,0%,0,0,0%,0,0
T9 R8 WELS,2019,0%,0,0,0%,0,0,0%,0,0,0%,0,0,0%,0,0,0%,0,0
T9 R9 WELS,2019,0%,0,0,0%,0,0,0%,0,0,0%,0,0,0%,0,0,0%,0,0
T9 SD BPP,2019,0%,0,0,0%,0,0,0%,0,0,0%,0,0,0%,0,0,0%,0,0
TA R10 WELS,2019,0%,0,0,0%,0,0,0%,0,0,0%,0,0,0%,0,0,0%,0,0
TA R11 WELS,2019,0%,0,0,0%,0,0,0%,0,0,0%,0,0,0%,0,0,0%,0,0
TA R2 WELS,2019,0%,0,0,0%,0,0,0%,0,0,0%,0,0,0%,0,0,0%,0,0
TA R7 WELS,2019,0%,0,0,0%,0,0,0%,0,0,0%,0,0,0%,0,0,0%,0,0
Talmadge,2019,0%,0,0,0%,0,0,0%,0,0,0%,0,0,0%,0,0,0%,0,0
Taunton & Raynham Academy Grant,2019,0%,0,0,0%,0,0,0%,0,0,0%,0,0,0%,0,0,0%,0,0
TB R10 WELS,2019,0%,0,0,0%,0,0,0%,0,0,0%,0,0,0%,0,0,0%,0,0
TB R11 WELS,2019,0%,0,0,0%,0,0,0%,0,0,0%,0,0,0%,0,0,0%,0,0
TC R2 WELS,2019,0%,0,0,0%,0,0,0%,0,0,0%,0,0,0%,0,0,0%,0,0
TD R2 WELS,2019,0%,0,0,0%,0,0,0%,0,0,0%,0,0,0%,0,0,0%,0,0
Temple,2019,0%,0,2,0%,0,2,0%,0,2,0%,0,0,0%,0,0,0%,0,0
The Forks Plt,2019,100%,1,1,0%,0,1,0%,0,1,0%,0,0,0%,0,0,0%,0,0
Thomaston,2019,100%,2,2,0%,0,2,0%,0,2,0%,0,0,0%,0,0,0%,0,0
Thorndike,2019,50%,2,4,0%,0,4,0%,0,4,0%,0,0,0%,0,0,0%,0,0
Thorndike Twp,2019,0%,0,0,0%,0,0,0%,0,0,0%,0,0,0%,0,0,0%,0,0
Tim Pond Twp,2019,0%,0,0,0%,0,0,0%,0,0,0%,0,0,0%,0,0,0%,0,0
Tomhegan Twp,2019,0%,0,0,0%,0,0,0%,0,0,0%,0,0,0%,0,0,0%,0,0
Topsfield,2019,0%,0,0,0%,0,0,0%,0,0,0%,0,0,0%,0,0,0%,0,0
Topsham,2019,75%,3,4,25%,1,4,0%,0,4,0%,0,0,0%,0,0,0%,0,0
Township 6 North of Weld,2019,0%,0,0,0%,0,0,0%,0,0,0%,0,0,0%,0,0,0%,0,0
Township C,2019,0%,0,0,0%,0,0,0%,0,0,0%,0,0,0%,0,0,0%,0,0
Township D,2019,0%,0,0,0%,0,0,0%,0,0,0%,0,0,0%,0,0,0%,0,0
Township E,2019,0%,0,0,0%,0,0,0%,0,0,0%,0,0,0%,0,0,0%,0,0
Tremont,2019,47.80%,11,23,0%,0,23,0%,0,23,0%,0,0,0%,0,0,0%,0,0
Trenton,2019,63.60%,7,11,0%,0,11,0%,0,11,0%,0,0,0%,0,0,0%,0,0
Trescott Twp,2019,0%,0,0,0%,0,0,0%,0,0,0%,0,0,0%,0,0,0%,0,0
Trout Brook Twp,2019,0%,0,0,0%,0,0,0%,0,0,0%,0,0,0%,0,0,0%,0,0
Troy,2019,50%,1,2,0%,0,2,0%,0,2,0%,0,0,0%,0,0,0%,0,0
Turner,2019,33.30%,3,9,0%,0,9,11.10%,1,9,0%,0,0,0%,0,0,0%,0,0
TX R14 WELS,2019,0%,0,0,0%,0,0,0%,0,0,0%,0,0,0%,0,0,0%,0,0
Union,2019,42.10%,8,19,10.50%,2,19,10.50%,2,19,0%,0,0,0%,0,0,0%,0,0
Unity,2019,42.90%,3,7,14.30%,1,7,0%,0,7,0%,0,0,0%,0,0,0%,0,0
Unity Twp,2019,0%,0,0,0%,0,0,0%,0,0,0%,0,0,0%,0,0,0%,0,0
Upper Cupsuptic Twp,2019,0%,0,0,0%,0,0,0%,0,0,0%,0,0,0%,0,0,0%,0,0
Upper Enchanted Twp,2019,0%,0,0,0%,0,0,0%,0,0,0%,0,0,0%,0,0,0%,0,0
Upper Molunkus Twp,2019,0%,0,0,0%,0,0,0%,0,0,0%,0,0,0%,0,0,0%,0,0
Upton,2019,0%,0,0,0%,0,0,0%,0,0,0%,0,0,0%,0,0,0%,0,0
Van Buren,2019,0%,0,0,0%,0,0,0%,0,0,0%,0,0,0%,0,0,0%,0,0
Vanceboro,2019,0%,0,0,0%,0,0,0%,0,0,0%,0,0,0%,0,0,0%,0,0
Vassalboro,2019,11.10%,1,9,0%,0,9,11.10%,1,9,0%,0,0,0%,0,0,0%,0,0
Veazie,2019,80%,4,5,20%,1,5,0%,0,5,0%,0,0,0%,0,0,0%,0,0
Veazie Gore,2019,0%,0,0,0%,0,0,0%,0,0,0%,0,0,0%,0,0,0%,0,0
Verona Island,2019,33.30%,1,3,0%,0,3,0%,0,3,0%,0,0,0%,0,0,0%,0,0
Vienna,2019,0%,0,4,25%,1,4,0%,0,4,0%,0,0,0%,0,0,0%,0,0
Vinalhaven,2019,31.30%,5,16,0%,0,16,0%,0,16,0%,0,0,0%,0,0,0%,0,0
Wade,2019,0%,0,0,0%,0,0,0%,0,0,0%,0,0,0%,0,0,0%,0,0
Waite,2019,0%,0,0,0%,0,0,0%,0,0,0%,0,0,0%,0,0,0%,0,0
Waldo,2019,50%,1,2,50%,1,2,0%,0,2,0%,0,0,0%,0,0,0%,0,0
Waldoboro,2019,35.70%,5,14,0%,0,14,28.60%,4,14,0%,0,0,0%,0,0,0%,0,0
Wales,2019,100%,1,1,0%,0,1,0%,0,1,0%,0,0,0%,0,0,0%,0,0
Wallagrass,2019,0%,0,0,0%,0,0,0%,0,0,0%,0,0,0%,0,0,0%,0,0
Waltham,2019,0%,0,0,0%,0,0,0%,0,0,0%,0,0,0%,0,0,0%,0,0
Warren,2019,50%,6,12,16.70%,2,12,33.30%,4,12,0%,0,0,0%,0,0,0%,0,0
Washburn,2019,0%,0,0,0%,0,0,0%,0,0,0%,0,0,0%,0,0,0%,0,0
Washington,2019,0%,0,4,0%,0,4,0%,0,4,0%,0,0,0%,0,0,0%,0,0
Washington Twp,2019,0%,0,0,0%,0,0,0%,0,0,0%,0,0,0%,0,0,0%,0,0
Waterboro,2019,33.30%,1,3,0%,0,3,0%,0,3,0%,0,0,0%,0,0,0%,0,0
Waterford,2019,0%,0,0,0%,0,0,0%,0,0,0%,0,0,0%,0,0,0%,0,0
Waterville,2019,25%,1,4,25%,1,4,0%,0,4,0%,0,0,0%,0,0,0%,0,0
Wayne,2019,40%,2,5,40%,2,5,0%,0,5,0%,0,0,0%,0,0,0%,0,0
Webbertown Twp,2019,0%,0,0,0%,0,0,0%,0,0,0%,0,0,0%,0,0,0%,0,0
Webster Plt,2019,0%,0,0,0%,0,0,0%,0,0,0%,0,0,0%,0,0,0%,0,0
Weld,2019,0%,0,0,0%,0,0,0%,0,0,0%,0,0,0%,0,0,0%,0,0
Wellington,2019,0%,0,1,0%,0,1,0%,0,1,0%,0,0,0%,0,0,0%,0,0
Wells,2019,28.60%,2,7,14.30%,1,7,57.10%,4,7,0%,0,0,0%,0,0,0%,0,0
Wesley,2019,0%,0,0,0%,0,0,0%,0,0,0%,0,0,0%,0,0,0%,0,0
West Bath,2019,33.30%,1,3,0%,0,3,0%,0,3,0%,0,0,0%,0,0,0%,0,0
West Forks Plt,2019,0%,0,0,0%,0,0,0%,0,0,0%,0,0,0%,0,0,0%,0,0
West Gardiner,2019,0%,0,1,0%,0,1,0%,0,1,0%,0,0,0%,0,0,0%,0,0
West Middlesex Canal Grant Twp,2019,0%,0,0,0%,0,0,0%,0,0,0%,0,0,0%,0,0,0%,0,0
West Paris,2019,0%,0,1,0%,0,1,0%,0,1,0%,0,0,0%,0,0,0%,0,0
Westbrook,2019,18.20%,2,11,18.20%,2,11,9.10%,1,11,0%,0,0,0%,0,0,0%,0,0
Westfield,2019,0%,0,0,0%,0,0,0%,0,0,0%,0,0,0%,0,0,0%,0,0
Westmanland,2019,0%,0,0,0%,0,0,0%,0,0,0%,0,0,0%,0,0,0%,0,0
Weston,2019,0%,0,0,0%,0,0,0%,0,0,0%,0,0,0%,0,0,0%,0,0
Westport Island,2019,50%,1,2,0%,0,2,0%,0,2,0%,0,0,0%,0,0,0%,0,0
Whitefield,2019,25%,2,8,0%,0,8,12.50%,1,8,0%,0,0,0%,0,0,0%,0,0
Whiting,2019,0%,0,1,0%,0,1,0%,0,1,0%,0,0,0%,0,0,0%,0,0
Whitneyville,2019,0%,0,0,0%,0,0,0%,0,0,0%,0,0,0%,0,0,0%,0,0
Williamsburg Twp,2019,0%,0,0,0%,0,0,0%,0,0,0%,0,0,0%,0,0,0%,0,0
Willimantic,2019,0%,0,1,0%,0,1,0%,0,1,0%,0,0,0%,0,0,0%,0,0
Wilton,2019,100%,1,1,0%,0,1,0%,0,1,0%,0,0,0%,0,0,0%,0,0
Windham,2019,45.50%,5,11,18.20%,2,11,0%,0,11,0%,0,0,0%,0,0,0%,0,0
Windsor,2019,33.30%,1,3,0%,0,3,0%,0,3,0%,0,0,0%,0,0,0%,0,0
Winn,2019,0%,0,2,0%,0,2,0%,0,2,0%,0,0,0%,0,0,0%,0,0
Winslow,2019,16.70%,1,6,0%,0,6,0%,0,6,0%,0,0,0%,0,0,0%,0,0
Winter Harbor,2019,0%,0,0,0%,0,0,0%,0,0,0%,0,0,0%,0,0,0%,0,0
Winterport,2019,50%,6,12,8.30%,1,12,0%,0,12,0%,0,0,0%,0,0,0%,0,0
Winterville Plt,2019,0%,0,0,0%,0,0,0%,0,0,0%,0,0,0%,0,0,0%,0,0
Winthrop,2019,42.90%,3,7,0%,0,7,14.30%,1,7,0%,0,0,0%,0,0,0%,0,0
Wiscasset,2019,50%,4,8,12.50%,1,8,0%,0,8,0%,0,0,0%,0,0,0%,0,0
Woodland,2019,0%,0,0,0%,0,0,0%,0,0,0%,0,0,0%,0,0,0%,0,0
Woodstock,2019,0%,0,1,0%,0,1,0%,0,1,0%,0,0,0%,0,0,0%,0,0
Woodville,2019,0%,0,0,0%,0,0,0%,0,0,0%,0,0,0%,0,0,0%,0,0
Woolwich,2019,40%,2,5,20%,1,5,0%,0,5,0%,0,0,0%,0,0,0%,0,0
Wyman Twp,2019,0%,0,0,0%,0,0,0%,0,0,0%,0,0,0%,0,0,0%,0,0
Yarmouth,2019,28.60%,4,14,7.10%,1,14,7.10%,1,14,0%,0,0,0%,0,0,0%,0,0
York,2019,40%,6,15,6.70%,1,15,20%,3,15,0%,0,0,0%,0,0,0%,0,0
